# kind	symbol	name	suffix	currency	tier	session_origin	yahoo_override	exchange	popularity	local_name
# Generated by tools/build_taiwan_listings.py from the TWSE ISIN
# registry and the TWSE and TPEx open data. Do not edit: the curated
# inventory is seed.tsv. Everything here is tier 2.
etf	00400A	Cathay High Dividend Momentum Active ETF	TW	TWD	2	3600	-	TWSE	5	主動國泰動能高息
etf	00401A	JPMorgan (Taiwan) Taiwan Equity High Income Active ETF	TW	TWD	2	3600	-	TWSE	4	主動摩根台灣鑫收
etf	00402A	Allianz Global Investors US Technology Equity Active ETF	TW	TWD	2	3600	-	TWSE	4	主動安聯美國科技
etf	00403A	UPAMC Taiwan Elite 50 Active ETF	TW	TWD	2	3600	-	TWSE	7	主動統一升級50
etf	00404A	ABITL Taiwan Momentum Equity Premium Income 50 Active ETF	TW	TWD	2	3600	-	TWSE	4	主動聯博動能50
etf	00405A	Fubon Taiwan Glory Active ETF	TW	TWD	2	3600	-	TWSE	6	主動富邦台灣龍耀
etf	00406A	CTBC Taiwan Income and Growth Active ETF	TW	TWD	2	3600	-	TWSE	7	主動中信台灣收益
etf	00407A	KGI Taiwan Equity Active ETF	TW	TWD	2	3600	-	TWSE	6	主動凱基台灣
etf	00408A	FSITC Taiwan Sector Growth and Enhanced Dividend income Active ETF	TW	TWD	2	3600	-	TWSE	3	主動第一金優股息
etf	00409A	Fuh Hwa Global Future 50 Active ETF	TW	TWD	2	3600	-	TWSE	5	主動復華全球50
etf	00410A	SinoPac Taiwan Technology Trend Active Fund ETF	TW	TWD	2	3600	-	TWSE	3	主動永豐科技趨勢
etf	00411A	UPAMC GLOBAL FRONTIER TECH ACTIVE ETF	TWO	TWD	2	3600	-	TPEx	6	主動統一前沿科技
etf	00412A	ALLIANZ GLOBAL INVESTORS ASIA SEMICONDUCTOR EQUITY ACTIVE ETF	TW	TWD	2	3600	-	TWSE	-	主動安聯亞半導體
etf	0050	Yuanta/P-shares Taiwan Top 50 ETF	TW	TWD	2	3600	-	TWSE	9	元大台灣50
etf	0051	Yuanta/P-shares Taiwan Mid-Cap 100 ETF	TW	TWD	2	3600	-	TWSE	2	元大中型100
etf	0052	Fubon Taiwan Technology Tracker Fund	TW	TWD	2	3600	-	TWSE	6	富邦科技
etf	0053	Yuanta/P-shares Taiwan Electronics Tech ETF	TW	TWD	2	3600	-	TWSE	3	元大電子
etf	0055	Yuanta/P-shares MSCI Taiwan Financials ETF	TW	TWD	2	3600	-	TWSE	3	元大MSCI金融
etf	0056	Yuanta/P-shares Taiwan Dividend Plus ETF	TW	TWD	2	3600	-	TWSE	7	元大高股息
etf	0057	FUBON MSCI TAIWAN ETF	TW	TWD	2	3600	-	TWSE	1	富邦摩台
etf	0061	W.I.S.E. Yuanta/P-shares CSI 300 ETF	TW	TWD	2	3600	-	TWSE	1	元大寶滬深
etf	006201	PTO	TWO	TWD	2	3600	-	TPEx	3	元大富櫃50
etf	006203	Yuanta/ P-shares MSCI Taiwan ETF	TW	TWD	2	3600	-	TWSE	1	元大MSCI台灣
etf	006204	Sinopac TAIEX ETF	TW	TWD	2	3600	-	TWSE	2	永豐臺灣加權
etf	006205	Fubon SSE180 ETF	TW	TWD	2	3600	-	TWSE	2	富邦上証
etf	006206	Yuanta/P-shares SSE50 ETF	TW	TWD	2	3600	-	TWSE	2	元大上證50
etf	006207	Fuh Hwa CSI 300 A Shares Exchange Traded Fund	TW	TWD	2	3600	-	TWSE	2	復華滬深
etf	006208	Fubon FTSE TWSE Taiwan 50 ETF	TW	TWD	2	3600	-	TWSE	5	富邦台50
etf	00625K	FUBON SSE 180 ETF RMB	TW	TWD	2	3600	-	TWSE	-	富邦上証+R
etf	00631L	Yuanta Daily Taiwan 50 Bull 2X ETF	TW	TWD	2	3600	-	TWSE	8	元大台灣50正2
etf	00632R	Yuanta Daily Taiwan 50 Bear -1X ETF	TW	TWD	2	3600	-	TWSE	5	元大台灣50反1
etf	00633L	Fubon SSE 180 Leveraged 2X Index ETF	TW	TWD	2	3600	-	TWSE	3	富邦上証正2
etf	00634R	Fubon SSE 180 Inversed Index ETF	TW	TWD	2	3600	-	TWSE	1	富邦上証反1
etf	00635U	Yuanta S&amp;P GSCI Gold ER Futures ETF	TW	TWD	2	3600	-	TWSE	4	期元大S&P黃金
etf	00636	Cathay FTSE China A50 ETF	TW	TWD	2	3600	-	TWSE	2	國泰中國A50
etf	00636K	Cathay FTSE China A50 ETF(USD)	TW	TWD	2	3600	-	TWSE	1	國泰中國A50+U
etf	00637L	Yuanta Daily CSI300 Bull 2X ETF	TW	TWD	2	3600	-	TWSE	5	元大滬深300正2
etf	00638R	Yuanta Daily CSI 300 Bear -1X ETF	TW	TWD	2	3600	-	TWSE	1	元大滬深300反1
etf	00639	Fubon SZSE 100 ETF	TW	TWD	2	3600	-	TWSE	2	富邦深100
etf	00640L	Fubon TOPIX Leveraged 2X Index ETF	TW	TWD	2	3600	-	TWSE	1	富邦日本正2
etf	00641R	Fubon TOPIX Inverse-1X Index ETF	TW	TWD	2	3600	-	TWSE	1	富邦日本反1
etf	00642U	Yuanta S&amp;P GSCI Crude Oil ER Futures ETF	TW	TWD	2	3600	-	TWSE	3	期元大S&P石油
etf	00643	CAPITAL SZSE SME １００ INDEX EXCHANGE TRADED FUND	TW	TWD	2	3600	-	TWSE	3	群益深証中小
etf	00643K	CAPITAL SZSE SME １００ INDEX EXCHANGE TRADED FUND	TW	TWD	2	3600	-	TWSE	-	群益深証中小+R
etf	00645	Fubon TOPIX ETF	TW	TWD	2	3600	-	TWSE	2	富邦日本
etf	00646	Yuanta S&amp;P 500 ETF	TW	TWD	2	3600	-	TWSE	4	元大S&P500
etf	00647L	Yuanta Daily S&amp;P 500 Bull 2X ETF	TW	TWD	2	3600	-	TWSE	1	元大S&P500正2
etf	00648R	Yuanta Daily S&amp;P 500 Bear 1X ETF	TW	TWD	2	3600	-	TWSE	1	元大S&P500反1
etf	00650L	Fuh Hwa Daily Hang Seng Leveraged 2X ETF	TW	TWD	2	3600	-	TWSE	4	復華香港正2
etf	00651R	Fuh Hwa Daily Hang Seng Inversed ETF	TW	TWD	2	3600	-	TWSE	1	復華香港反1
etf	00652	Fubon NIFTY ETF	TW	TWD	2	3600	-	TWSE	1	富邦印度
etf	00653L	Fubon NIFTY 2X Leveraged Index ETF	TW	TWD	2	3600	-	TWSE	2	富邦印度正2
etf	00654R	Fubon NIFTY -1 Inverse Index ETF	TW	TWD	2	3600	-	TWSE	1	富邦印度反1
etf	00655L	Cathay FTSE China A50 Daily Leveraged 2X ETF	TW	TWD	2	3600	-	TWSE	3	國泰中國A50正2
etf	00656R	Cathay FTSE China A50 Daily Inversed ETF	TW	TWD	2	3600	-	TWSE	1	國泰中國A50反1
etf	00657	Cathay Nikkei 225 Currency-hedged ETF Fund	TW	TWD	2	3600	-	TWSE	3	國泰日經225
etf	00657K	Cathay Nikkei 225 Currency-hedged ETF Fund(USD)	TW	TWD	2	3600	-	TWSE	1	國泰日經225+U
etf	00660	Yuanta EURO STOXX 50 ETF	TW	TWD	2	3600	-	TWSE	1	元大歐洲50
etf	00661	Yuanta Nikkei 225 ETF	TW	TWD	2	3600	-	TWSE	1	元大日經225
etf	00662	Fubon NASDAQ-100 ETF	TW	TWD	2	3600	-	TWSE	5	富邦NASDAQ
etf	00663L	Cathay TAIEX Daily Leveraged 2X ETF	TW	TWD	2	3600	-	TWSE	5	國泰臺灣加權正2
etf	00664R	Cathay TAIEX Daily Inversed ETF	TW	TWD	2	3600	-	TWSE	3	國泰臺灣加權反1
etf	00665L	Fubon Hang Seng China Enterprises Leveraged Index ETF	TW	TWD	2	3600	-	TWSE	4	富邦恒生國企正2
etf	00666R	Fubon Hang Seng China Enterprises Inverse Index ETF	TW	TWD	2	3600	-	TWSE	1	富邦恒生國企反1
etf	00668	Cathay Dow Jones Industrial Average ETF	TW	TWD	2	3600	-	TWSE	1	國泰美國道瓊
etf	00668K	Cathay Dow Jones Industrial Average ETF(USD)	TW	TWD	2	3600	-	TWSE	1	國泰美國道瓊+U
etf	00669R	Cathay Dow Jones Industrial Average Daily Inversed ETF	TW	TWD	2	3600	-	TWSE	1	國泰美國道瓊反1
etf	00670L	Fubon NASDAQ-100 2X Leveraged Index ETF	TW	TWD	2	3600	-	TWSE	4	富邦NASDAQ正2
etf	00671R	Fubon NASDAQ-100 -1X Inverse Index ETF	TW	TWD	2	3600	-	TWSE	1	富邦NASDAQ反1
etf	00673R	Yuanta S&amp;P GSCI Crude Oil 1x Inverse ER Futures ETF	TW	TWD	2	3600	-	TWSE	5	期元大S&P原油反1
etf	00674R	Yuanta S&amp;P GSCI Gold 1x Inverse ER FuturesETF	TW	TWD	2	3600	-	TWSE	1	期元大S&P黃金反1
etf	00675L	Fubon TAIEX Daily 2X Leveraged ETF	TW	TWD	2	3600	-	TWSE	4	富邦臺灣加權正2
etf	00676R	Fubon TAIEX Daily-1X Inverse ETF	TW	TWD	2	3600	-	TWSE	3	富邦臺灣加權反1
etf	00678	CAPITAL NASDAQ BIOTECHNOLOGY INDEX EXCHANGE	TW	TWD	2	3600	-	TWSE	3	群益那斯達克生技
etf	00679B	YT USGOV20	TWO	TWD	2	3600	-	TPEx	7	元大美債20年
etf	00680L	Yuanta Daily U.S. Treasury 20+ Year Bond Bull 2X ETF	TW	TWD	2	3600	-	TWSE	3	元大美債20正2
etf	00681R	Yuanta Daily U.S. Treasury 20+ Year Bond Bear 1X ETF	TW	TWD	2	3600	-	TWSE	2	元大美債20反1
etf	00682U	Yuanta S&amp;P US Dollar ER Futures ETF	TW	TWD	2	3600	-	TWSE	1	期元大美元指數
etf	00683L	Yuanta S&amp;P US Dollar 2x Leverage ER Futures ETF	TW	TWD	2	3600	-	TWSE	1	期元大美元指正2
etf	00684R	Yuanta S&amp;P US Dollar 1x Inverse ER Futures ETF	TW	TWD	2	3600	-	TWSE	1	期元大美元指反1
etf	00685L	CAPITAL TAIEX DAILY LEVERAGED 2X ETF	TW	TWD	2	3600	-	TWSE	7	群益臺灣加權正2
etf	00686R	CAPITAL TAIEX DAILY INVERSED -1X ETF	TW	TWD	2	3600	-	TWSE	1	群益臺灣加權反1
etf	00687B	US TREAS 20+ YR	TWO	TWD	2	3600	-	TPEx	7	國泰20年美債
etf	00687C	CATHAY US TREASURY 20+ YR ETF+U	TWO	TWD	2	3600	-	TPEx	1	國泰20年美債+櫃U
etf	00688L	Cathay U.S. Treasury 20+ Year Daily Leveraged 2X ETF	TW	TWD	2	3600	-	TWSE	3	國泰20年美債正2
etf	00689R	Cathay U.S. Treasury 20+ Year Daily Inverse 1X ETF	TW	TWD	2	3600	-	TWSE	1	國泰20年美債反1
etf	00690	Mega Taiwan Blue Chip 30 ETF	TW	TWD	2	3600	-	TWSE	2	兆豐藍籌30
etf	00692	Fubon TWSE Corporate Governance 100 ETF	TW	TWD	2	3600	-	TWSE	3	富邦公司治理
etf	00693U	JKO S&amp;P GSCI Soybeans ER Futures ETF	TW	TWD	2	3600	-	TWSE	3	期街口S&P黃豆
etf	00694B	FUBON UST1-3	TWO	TWD	2	3600	-	TPEx	5	富邦美債1-3年
etf	00695B	FUBON UST7-10	TWO	TWD	2	3600	-	TPEx	3	富邦美債7-10年
etf	00696B	FUBON UST20	TWO	TWD	2	3600	-	TPEx	5	富邦美債20年
etf	00697B	YT USGOV10	TWO	TWD	2	3600	-	TPEx	4	元大美債7-10
etf	00700	Fubon Hang Seng China Enterprises ETF	TW	TWD	2	3600	-	TWSE	1	富邦恒生國企
etf	00701	Cathay TIP TAIEX +Low Volatility Select 30 ETF	TW	TWD	2	3600	-	TWSE	2	國泰股利精選30
etf	00702	Cathay S&amp;P 500 Low Volatility High Dividend ETF	TW	TWD	2	3600	-	TWSE	1	國泰標普低波高息
etf	00703	Taishin MSCI China ETF	TW	TWD	2	3600	-	TWSE	1	台新MSCI中國
etf	00706L	Yuanta S&amp;P Japanese Yen 2x Leverage ER Futures ETF	TW	TWD	2	3600	-	TWSE	2	期元大S&P日圓正2
etf	00707R	Yuanta S&amp;P Japanese Yen 1x Inverse ER Futures ETF	TW	TWD	2	3600	-	TWSE	-	期元大S&P日圓反1
etf	00708L	Yuanta S&amp;P GSCI Gold 2x Leveraged ER Futures ETF	TW	TWD	2	3600	-	TWSE	5	期元大S&P黃金正2
etf	00709	Fubon FTSE Developed Europe ETF	TW	TWD	2	3600	-	TWSE	1	富邦歐洲
etf	00710B	Fuh Hwa 1-5 Yr High Yield ETF	TW	TWD	2	3600	-	TWSE	2	復華彭博非投等債
etf	00711B	Fuh Hwa Emerging Market 10+ Yr Bond ETF	TW	TWD	2	3600	-	TWSE	2	復華彭博新興債
etf	00712	Fuh Hwa FTSE Mortgage REITs ETF	TW	TWD	2	3600	-	TWSE	5	復華富時不動產
etf	00713	Yuanta Taiwan High Dividend Low Volatility ETF	TW	TWD	2	3600	-	TWSE	4	元大台灣高息低波
etf	00714	CAPITAL DOW JONES U.S. REAL ESTATE INDEX EXCHANGE TRADED FUND	TW	TWD	2	3600	-	TWSE	1	群益道瓊美國地產
etf	00715L	JKO S&amp;P GSCI Brent Crude 2x Leveraged ER Futures ETF	TW	TWD	2	3600	-	TWSE	5	期街口S&P布蘭特油正2
etf	00717	Fubon S&amp;P US Preferred Stock ETF	TW	TWD	2	3600	-	TWSE	2	富邦美國特別股
etf	00719B	YT USGOV3	TWO	TWD	2	3600	-	TPEx	5	元大美債1-3
etf	00720B	YT USDCORP	TWO	TWD	2	3600	-	TPEx	6	元大投資級公司債
etf	00722B	CC8R0TELECOM	TWO	TWD	2	3600	-	TPEx	5	群益投資級電信債
etf	00723B	CC8TEIT	TWO	TWD	2	3600	-	TPEx	2	群益投資級科技債
etf	00724B	CC9P0BANK	TWO	TWD	2	3600	-	TPEx	6	群益投資級金融債
etf	00725B	CATHAY BBB CORPORATE 10Y+ ETF	TWO	TWD	2	3600	-	TPEx	5	國泰投資級公司債
etf	00726B	CATHAY EM INVESTMENT GRADE 5Y+ ETF	TWO	TWD	2	3600	-	TPEx	2	國泰新興投等債
etf	00727B	CATHAY HIGH YIELD 1-5Y ETF	TWO	TWD	2	3600	-	TPEx	2	國泰優選非投等債
etf	00728	FSITC Taiwan Industry Elite 30 ETF	TW	TWD	2	3600	-	TWSE	2	第一金工業30
etf	00730	Fubon Dow Jones Taiwan High-Quality Dividend 30 ETF	TW	TWD	2	3600	-	TWSE	1	富邦臺灣優質高息
etf	00731	Fuh Hwa FTSE Taiwan High Div Low Vol ETF	TW	TWD	2	3600	-	TWSE	4	復華富時高息低波
etf	00733	Fubon Taiwan Small-Mid Cap Alpha Momentum 50 ETF	TW	TWD	2	3600	-	TWSE	3	富邦臺灣中小
etf	00734B	TS JPM EMBIG	TWO	TWD	2	3600	-	TPEx	1	台新JPM新興債
etf	00735	Cathay Korea/Taiwan IT Premier ETF	TW	TWD	2	3600	-	TWSE	5	國泰臺韓科技
etf	00736	Cathay FTSE Emerging Markets ETF	TW	TWD	2	3600	-	TWSE	1	國泰新興市場
etf	00737	Cathay Nasdaq CTA Artificial Inteligence and Robotics ETF	TW	TWD	2	3600	-	TWSE	2	國泰AI機器人
etf	00738U	Yuanta DJCI Silver ER Futures ETF	TW	TWD	2	3600	-	TWSE	4	期元大道瓊白銀
etf	00739	Yuanta MSCI CHINA A ETF	TW	TWD	2	3600	-	TWSE	1	元大MSCI A股
etf	00740B	FUBON 10+US CORP BD BBB EX CHINA	TWO	TWD	2	3600	-	TPEx	4	富邦全球投等債
etf	00741B	FUBON 1-5 US HY BD EX CHINA	TWO	TWD	2	3600	-	TPEx	3	富邦全球非投等債
etf	00746B	FB 9-35 US CORP BD A	TWO	TWD	2	3600	-	TPEx	3	富邦A級公司債
etf	00749B	KGI EM USD INVESTMENT GRADE 10+Y BOND	TWO	TWD	2	3600	-	TPEx	1	凱基新興債10+
etf	00750B	KGI USD TECH 10+Y BOND	TWO	TWD	2	3600	-	TPEx	1	凱基科技債10+
etf	00751B	YT USDCPA	TWO	TWD	2	3600	-	TPEx	6	元大AAA至A公司債
etf	00752	CTBC MSCI China Free 50 ex A and B ETF	TW	TWD	2	3600	-	TWSE	3	中信中國50
etf	00753L	CTBC MSCI China Free 50 ex A and B Daily Leveraged 2X ETF	TW	TWD	2	3600	-	TWSE	4	中信中國50正2
etf	00754B	CC81CHIGHRATING	TWO	TWD	2	3600	-	TPEx	2	群益AAA-AA公司債
etf	00755B	CC8QUUTILITY	TWO	TWD	2	3600	-	TPEx	2	群益投資級公用債
etf	00756B	CDG8EEMSOVEREIGN	TWO	TWD	2	3600	-	TPEx	3	群益投等新興公債
etf	00757	UPAMC NYSE FANG+ ETF	TW	TWD	2	3600	-	TWSE	4	統一FANG+
etf	00758B	FUH HWA 15+ YR ENERGY BOND ETF	TWO	TWD	2	3600	-	TPEx	2	復華能源債
etf	00759B	FUH HWA 15+ YR PHARMACEUTICALS BOND ETF	TWO	TWD	2	3600	-	TPEx	2	復華製藥債
etf	00760B	FUH HWA EMERGING MARKET CREDIT BOND ETF	TWO	TWD	2	3600	-	TPEx	2	復華新興企業債
etf	00761B	CATHAY US CORP A- ABOVE 10+ YR ETF	TWO	TWD	2	3600	-	TPEx	2	國泰A級公司債
etf	00762	Yuanta STOXX Global Artificial Intelligence ETF	TW	TWD	2	3600	-	TWSE	3	元大全球AI
etf	00763U	JKO Dow Jones Copper ER Futures ETF	TW	TWD	2	3600	-	TWSE	2	期街口道瓊銅
etf	00764B	CUSTTTREASURY	TWO	TWD	2	3600	-	TPEx	6	群益25年美債
etf	00768B	FUH HWA US TREASURY 20+ YEAR ETF	TWO	TWD	2	3600	-	TPEx	5	復華20年美債
etf	00770	Cathay North American Technology ETF	TW	TWD	2	3600	-	TWSE	3	國泰北美科技
etf	00771	Yuanta S&amp;P U.S. High Yield Preferred Stock ETF	TW	TWD	2	3600	-	TWSE	1	元大US高息特別股
etf	00772B	CT HG10	TWO	TWD	2	3600	-	TPEx	5	中信高評級公司債
etf	00773B	CT FIN10	TWO	TWD	2	3600	-	TPEx	4	中信優先金融債
etf	00775B	Taishin FTSE 15 Years Investment Grade USD Corporate Bond ETF	TW	TWD	2	3600	-	TWSE	2	台新投等債15+
etf	00777B	KGI 15+ Y AAA-A US CORPORATE BOND	TWO	TWD	2	3600	-	TPEx	1	凱基AAA至A公司債
etf	00778B	KGI 20+Y US BANKING BOND	TWO	TWD	2	3600	-	TPEx	1	凱基金融債20+
etf	00779B	KGI 25+ Y US TREASURY BOND	TWO	TWD	2	3600	-	TPEx	3	凱基美債25+
etf	00780B	CATHAY 7-10 YR BANKING BOND ETF	TWO	TWD	2	3600	-	TPEx	2	國泰A級金融債
etf	00781B	CATHAY 15+ YR TECHNOLOGY BOND ETF	TWO	TWD	2	3600	-	TPEx	2	國泰A級科技債
etf	00782B	CATHAY 15+ YR UTILITY BOND ETF	TWO	TWD	2	3600	-	TPEx	3	國泰A級公用債
etf	00783	Fubon China CSI 500 Index ETF	TW	TWD	2	3600	-	TWSE	1	富邦中証500
etf	00785B	FUBON IG USD BANK BOND 10+ YS INDEX ETF	TWO	TWD	2	3600	-	TPEx	1	富邦金融投等債
etf	00786B	YT USDBANK	TWO	TWD	2	3600	-	TPEx	1	元大10年IG銀行債
etf	00787B	YT USDHEAL	TWO	TWD	2	3600	-	TPEx	1	元大10年IG醫療債
etf	00788B	YT USDELEC	TWO	TWD	2	3600	-	TPEx	1	元大10年IG電能債
etf	00789B	FUH HWA 20+ YEAR A3 OR BETTER CORPORATE BOND ETF	TWO	TWD	2	3600	-	TPEx	2	復華公司債A3
etf	00791B	FUH HWA 1-5 YEAR USD CREDIT SELECT BOND ETF	TWO	TWD	2	3600	-	TPEx	2	復華信用債1-5
etf	00792B	CC83LSINGLEA	TWO	TWD	2	3600	-	TPEx	2	群益A級公司債
etf	00795B	CT USGOVT20	TWO	TWD	2	3600	-	TPEx	6	中信美國公債20年
etf	00799B	CATHAY 15+ YR HEALTHCARE BOND ETF	TWO	TWD	2	3600	-	TPEx	2	國泰A級醫療債
etf	00830	Cathay U.S. PHLX Semiconductor Sector ETF	TW	TWD	2	3600	-	TWSE	6	國泰費城半導體
etf	00834B	FSITC US 10+ YEAR BANKING BOND ETF	TWO	TWD	2	3600	-	TPEx	1	第一金金融債10+
etf	00836B	SP 10+ US CORP BD A ETF	TWO	TWD	2	3600	-	TPEx	1	永豐10年A公司債
etf	00838B	SP 7-10 CHINA POLICY BANK BD ETF	TWO	TWD	2	3600	-	TPEx	-	永豐7-10年中國債
etf	00840B	KGI 15+Y US IG SELECT BOND	TWO	TWD	2	3600	-	TPEx	1	凱基IG精選15+
etf	00841B	KGI 20+Y AAA-AA US CORPORATE BOND	TWO	TWD	2	3600	-	TPEx	1	凱基AAA-AA公司債
etf	00842B	TS US BANKING 15+ ETF	TWO	TWD	2	3600	-	TPEx	3	台新美元銀行債
etf	00844B	TAISHIN 15 YEARS USD BANKING BOND ETF	TWO	TWD	2	3600	-	TPEx	1	台新15年IG金融債
etf	00845B	FB EM USD IG BOND ETF	TWO	TWD	2	3600	-	TPEx	1	富邦新興投等債
etf	00846B	FB 7-15 EUROPE USD BANKING ETF	TWO	TWD	2	3600	-	TPEx	2	富邦歐洲銀行債
etf	00848B	CT EM ASIA BOND	TWO	TWD	2	3600	-	TPEx	2	中信新興亞洲債
etf	00849B	CT EM SOV BOND 0-5	TWO	TWD	2	3600	-	TPEx	3	中信EM主權債0-5
etf	00850	Yuanta FTSE4Good TIP Taiwan ESG ETF	TW	TWD	2	3600	-	TWSE	3	元大臺灣ESG永續
etf	00851	Taishin SG Global AI and Robotics Select ETF	TW	TWD	2	3600	-	TWSE	1	台新全球AI
etf	00852L	Cathay DJIA Daily Leveraged 2X ETF	TW	TWD	2	3600	-	TWSE	2	國泰美國道瓊正2
etf	00853B	UPAMC 10Y+ AA-A USD BOND ETF	TWO	TWD	2	3600	-	TPEx	4	統一美債10年Aa-A
etf	00856B	SP 1-3 US TREASURY ETF	TWO	TWD	2	3600	-	TPEx	1	永豐1-3年美公債
etf	00857B	SP 20+ US TREASURY ETF	TWO	TWD	2	3600	-	TPEx	4	永豐20年美公債
etf	00858	SP USA 500 ETF	TWO	TWD	2	3600	-	TPEx	3	永豐美國500大
etf	00859B	CG0QA0-1YTREASURY	TWO	TWD	2	3600	-	TPEx	5	群益0-1年美債
etf	00860B	CCV6D1-5YTIG	TWO	TWD	2	3600	-	TPEx	2	群益1-5Y投資級債
etf	00861	Yuanta Global NextGen Communications ETF	TW	TWD	2	3600	-	TWSE	2	元大全球未來通訊
etf	00862B	CT BBB20	TWO	TWD	2	3600	-	TPEx	3	中信投資級公司債
etf	00863B	CT TELECOM10	TWO	TWD	2	3600	-	TPEx	2	中信全球電信債
etf	00864B	CT USGOVT1	TWO	TWD	2	3600	-	TPEx	5	中信美國公債0-1
etf	00865B	Cathay US Short Term Treasury ETF	TW	TWD	2	3600	-	TWSE	5	國泰US短期公債
etf	00867B	TAISHIN ICE 15+ YEAR US TELE INDEX ETF	TWO	TWD	2	3600	-	TPEx	1	台新A-BBB電信債
etf	00870B	YT USDEM	TWO	TWD	2	3600	-	TPEx	1	元大15年EM主權債
etf	00875	Cathay Cyber Security ETF	TW	TWD	2	3600	-	TWSE	3	國泰網路資安
etf	00876	Yuanta Global 5G &amp; NexGen Telecommunication Components ETF	TW	TWD	2	3600	-	TWSE	3	元大全球5G
etf	00877	FUH HWA CHINA 5G COMMUNICATION ETF	TWO	TWD	2	3600	-	TPEx	4	復華中國5G
etf	00878	Cathay MSCI Taiwan ESG Sustainability High Dividend Yield ETF	TW	TWD	2	3600	-	TWSE	6	國泰永續高股息
etf	00881	Cathay Taiwan Technology Leader ETF	TW	TWD	2	3600	-	TWSE	6	國泰台灣科技龍頭
etf	00882	CTBC Hang Seng China High Dividend Yield ETF	TW	TWD	2	3600	-	TWSE	3	中信中國高股息
etf	00884B	CT 15+ EM SOV BOND	TWO	TWD	2	3600	-	TPEx	2	中信低碳新興債
etf	00885	Fubon FTSE Vietnam ETF	TW	TWD	2	3600	-	TWSE	3	富邦越南
etf	00886	SP US TECH ETF	TWO	TWD	2	3600	-	TPEx	1	永豐美國科技
etf	00887	SP CHINA CSI TECH 50 ETF	TWO	TWD	2	3600	-	TPEx	4	永豐中國科技50大
etf	00888	SP TAIWAN ESG ETF	TWO	TWD	2	3600	-	TPEx	7	永豐台灣ESG
etf	00890B	KGI 15+ YEAR ESG BBB BOND	TWO	TWD	2	3600	-	TPEx	1	凱基ESG BBB 債 15+
etf	00891	CTBC Taiwan ESG Leading Semiconductor ETF	TW	TWD	2	3600	-	TWSE	5	中信關鍵半導體
etf	00892	Fubon ICE FactSet Taiwan Core Semiconductor ETF	TW	TWD	2	3600	-	TWSE	4	富邦台灣半導體
etf	00893	Cathay Global Autonomous EV ETF	TW	TWD	2	3600	-	TWSE	2	國泰智能電動車
etf	00894	CTBC TIP Customized Investor Movement Aristocrats 30ETF	TW	TWD	2	3600	-	TWSE	3	中信小資高價30
etf	00895	Fubon MSCI ACWI IMI Select Future Mobility Top 30 Capped ETF	TW	TWD	2	3600	-	TWSE	2	富邦未來車
etf	00896	CTBC TIP Customized Taiwan Green Energy and Electric Vehicles ETF	TW	TWD	2	3600	-	TWSE	4	中信綠能及電動車
etf	00897	Fubon NYSE FactSet Global Genomics and Immuno Biopharma ETF	TW	TWD	2	3600	-	TWSE	2	富邦基因免疫生技
etf	00898	Cathay Global Genomics Immunology and Medical Revolution ETF	TW	TWD	2	3600	-	TWSE	2	國泰基因免疫革命
etf	00899	Franklin Templeton SinoAm Global Clean Energy ETF	TW	TWD	2	3600	-	TWSE	1	FT潔淨能源
etf	00900	Fubon Taiwan Index high dividend 30 ETF	TW	TWD	2	3600	-	TWSE	4	富邦特選高股息30
etf	00901	SinoPac Taiwan Electric Vehicle Supply Chain ETF	TW	TWD	2	3600	-	TWSE	2	永豐智能車供應鏈
etf	00902	CTBC Battery and Energy Storage Technology ETF	TW	TWD	2	3600	-	TWSE	1	中信電池及儲能
etf	00903	Fubon Solactive Metaverse ETF	TW	TWD	2	3600	-	TWSE	1	富邦元宇宙
etf	00904	Taishin TIP Taiwan Semiconductor 30 ETF	TW	TWD	2	3600	-	TWSE	5	台新臺灣半導體30
etf	00905	Franklin Templeton SinoAm Taiwan Smart ETF	TW	TWD	2	3600	-	TWSE	4	FT臺灣SMART
etf	00907	SinoPac Taiwan Superior Dividend Highlight Stocks ETF	TW	TWD	2	3600	-	TWSE	2	永豐優息存股
etf	00908	Fubon Global Dividend REITs and Infrastructure ETF	TW	TWD	2	3600	-	TWSE	1	富邦入息REITs+
etf	00909	Cathay Global Digital Payment Services ETF	TW	TWD	2	3600	-	TWSE	3	國泰數位支付服務
etf	00910	FSITC Aerospace and Satellite ETF	TW	TWD	2	3600	-	TWSE	3	第一金太空衛星
etf	00911	Mega ICE Semiconductor ETF	TW	TWD	2	3600	-	TWSE	3	兆豐洲際半導體
etf	00912	CTBC TIP Customized Taiwan Smart Factor 50 ETF	TW	TWD	2	3600	-	TWSE	3	中信臺灣智慧50
etf	00913	Mega Taiwan Wafer Manufacture ETF	TW	TWD	2	3600	-	TWSE	4	兆豐台灣晶圓製造
etf	00915	KGI Taiwan Premium Selection High Dividend 30 ETF	TW	TWD	2	3600	-	TWSE	2	凱基優選高股息30
etf	00916	Cathay Global Top 50 Brands ETF	TW	TWD	2	3600	-	TWSE	2	國泰全球品牌50
etf	00917	CTBC Selected Financials and Data Industry ETF	TW	TWD	2	3600	-	TWSE	3	中信特選金融
etf	00918	United Taiwan High Dividend Recovery ETF	TW	TWD	2	3600	-	TWSE	6	大華優利高填息30
etf	00919	CAPITAL TIP CUSTOMIZED TAIWAN SELECT HIGH DIVIDEND EXCHANGE TRADED FUND	TW	TWD	2	3600	-	TWSE	7	群益台灣精選高息
etf	00920	Fubon Global ESG Green Energy ETF	TW	TWD	2	3600	-	TWSE	1	富邦ESG綠色電力
etf	00921	Mega Taiwan Market Leader EW ETF	TW	TWD	2	3600	-	TWSE	2	兆豐龍頭等權重
etf	00922	Cathay MSCI Taiwan Leaders 50 Select ETF	TW	TWD	2	3600	-	TWSE	5	國泰台灣領袖50
etf	00923	CAPITAL TIP CUSTOMIZED TAIWAN ESG LOW CARBON 50 EXCHANGE TRADED FUND	TW	TWD	2	3600	-	TWSE	4	群益台ESG低碳50
etf	00924	Fuh Hwa US S&amp;P 500 Growth ETF	TW	TWD	2	3600	-	TWSE	3	復華S&P500成長
etf	00926	KGI Global Industry Elite 55 ETF	TW	TWD	2	3600	-	TWSE	1	凱基全球菁英55
etf	00927	CAPITAL TIP CUSTOMIZED TAIWAN SEMICONDUCTOR DIVIDEND YIELD EXCHANGE TRADED FUND	TW	TWD	2	3600	-	TWSE	6	群益半導體收益
etf	00928	CTESG30	TWO	TWD	2	3600	-	TPEx	4	中信上櫃ESG 30
etf	00929	Fuh Hwa Taiwan Technology Dividend Highlight ETF	TW	TWD	2	3600	-	TWSE	6	復華台灣科技優息
etf	00930	SinoPac Taiwan ESG Low Carbon High Dividend ETF	TW	TWD	2	3600	-	TWSE	2	永豐ESG低碳高息
etf	00931B	UPAMC US TREASURY 20 PLUS YEAR ETF	TWO	TWD	2	3600	-	TPEx	4	統一美債20年
etf	00932	Mega Taiwan ESG High Dividend Equal Weight ETF	TW	TWD	2	3600	-	TWSE	2	兆豐永續高息等權
etf	00933B	CATHAY US BANKING 10+ YEARS ETF	TWO	TWD	2	3600	-	TPEx	6	國泰10Y+金融債
etf	00934	CTBC TIP Customized Taiwan Growth and High Dividend ETF	TW	TWD	2	3600	-	TWSE	5	中信成長高股息
etf	00935	NEXT FUNDS – Nomura Taiwan Innovative Technology 50 ETF	TW	TWD	2	3600	-	TWSE	5	野村臺灣新科技50
etf	00936	Taishin TIP Customized Taiwan ESG High Dividend Small/Mid-Cap ETF	TW	TWD	2	3600	-	TWSE	3	台新永續高息中小
etf	00937B	CAPITAL ICE ESG 20+ YEAR BBB CORPORATE ETF	TWO	TWD	2	3600	-	TPEx	8	群益ESG投等債20+
etf	00938	KGI Taiwan Premium Selection 30 ETF	TW	TWD	2	3600	-	TWSE	1	凱基優選30
etf	00939	UPAMC Taiwan High Dividend Momentum ETF	TW	TWD	2	3600	-	TWSE	4	統一台灣高息動能
etf	00940	Yuanta Taiwan Value High Dividend ETF	TW	TWD	2	3600	-	TWSE	4	元大台灣價值高息
etf	00941	CTBC Upstream Semiconductor ETF	TW	TWD	2	3600	-	TWSE	3	中信上游半導體
etf	00942B	TAISHIN US CORPORATE A ISSUER 20+ ETF	TWO	TWD	2	3600	-	TPEx	4	台新美A公司債20+
etf	00943	Mega Taiwan IT Growth and High Dividend Equal Weight ETF	TW	TWD	2	3600	-	TWSE	2	兆豐電子高息等權
etf	00944	NEXT FUNDS – Nomura Taiwan Momentum High Dividend ETF	TW	TWD	2	3600	-	TWSE	2	野村趨勢動能高息
etf	00945B	KGI US Premium Selection High Yield Bond ETF	TW	TWD	2	3600	-	TWSE	4	凱基美國非投等債
etf	00946	CAPITAL TAIWAN TECH HIGH DIVIDEND AND GROWTH ETF	TW	TWD	2	3600	-	TWSE	2	群益科技高息成長
etf	00947	Taishin Taiwan IC Design and Momentum ETF	TW	TWD	2	3600	-	TWSE	5	台新臺灣IC設計
etf	00948B	CT ESG ENHANCED YIELD IG BOND	TWO	TWD	2	3600	-	TPEx	4	中信優息投資級債
etf	00949	Fuh Hwa Japan Global Moat Leaders ETF	TW	TWD	2	3600	-	TWSE	2	復華日本龍頭
etf	00950B	KGI SINGLE A CORPORATE BOND ETF	TWO	TWD	2	3600	-	TPEx	5	凱基A級公司債
etf	00951	Taishin NYSE FactSet Japan Semiconductor ETF	TW	TWD	2	3600	-	TWSE	4	台新日本半導體
etf	00952	KGI Taiwan Premium Selection AI 50 ETF	TW	TWD	2	3600	-	TWSE	3	凱基台灣AI50
etf	00953B	CAPITAL BB-B COUPON ENHANCED HIGH YIELD BOND EXCHANGE TRADED FUND	TW	TWD	2	3600	-	TWSE	5	群益優選非投等債
etf	00954	CTBC Japan Semiconductor ETF	TW	TWD	2	3600	-	TWSE	3	中信日本半導體
etf	00955	CTBCCWT	TWO	TWD	2	3600	-	TPEx	4	中信日本商社
etf	00956	CTBC Nikkei High Dividend Yield 50 ETF	TW	TWD	2	3600	-	TWSE	2	中信日經高股息
etf	00957B	MEGA 20 PLUS US BUSINESS ETF	TWO	TWD	2	3600	-	TPEx	2	兆豐US優選投等債
etf	00958B	SINOPAC ESG BANKING 15+ ETF	TWO	TWD	2	3600	-	TPEx	1	永豐ESG銀行債15+
etf	00959B	UNITED 15+ YEARS BBB US CORPORATE ETF	TWO	TWD	2	3600	-	TPEx	3	大華投等美債15Y+
etf	00960	NEXT FUNDS - Nomura Global Shipping Leaders Income ETF	TW	TWD	2	3600	-	TWSE	2	野村全球航運龍頭
etf	00961	Franklin Templeton SinoAm Taiwan ESG High Dividend ETF	TW	TWD	2	3600	-	TWSE	6	FT臺灣永續高息
etf	00962	Taishin Taiwan AI High Dividend and Momentum ETF	TW	TWD	2	3600	-	TWSE	4	台新AI優息動能
etf	00963	CTBC Global High Dividend ETF	TW	TWD	2	3600	-	TWSE	3	中信全球高股息
etf	00964	CTBC Asia Pacific High Dividend ETF	TW	TWD	2	3600	-	TWSE	3	中信亞太高股息
etf	00965	Yuanta Global Aerospace and Defense Technology ETF	TW	TWD	2	3600	-	TWSE	4	元大航太防衛科技
etf	00966B	UPAMC ESG 15YR PLUS USD BBB BOND ETF	TWO	TWD	2	3600	-	TPEx	3	統一ESG投等債15+
etf	00967B	YT USGOV10	TWO	TWD	2	3600	-	TPEx	2	元大優息美債
etf	00968B	YT USDCORP10	TWO	TWD	2	3600	-	TPEx	3	元大優息投等債
etf	00969B	YT USGOVLN	TWO	TWD	2	3600	-	TPEx	2	元大零息超長美債
etf	00970B	TAISHIN 20+ YEAR BBB IG CORPORATE BOND ETF	TWO	TWD	2	3600	-	TPEx	3	台新BBB投等債20+
etf	00971	NEXT FUNDS – Nomura US R&amp;D Leaders Select ETF	TW	TWD	2	3600	-	TWSE	2	野村美國研發龍頭
etf	00972	NEXT FUNDS – Nomura Japan Value-creation Momentum Dividend ETF	TW	TWD	2	3600	-	TWSE	1	野村日本動能高息
etf	009800	CTBC NASDAQ 100 ETF	TW	TWD	2	3600	-	TWSE	3	中信NASDAQ
etf	009801	CTBC US Innovation Technology ETF	TW	TWD	2	3600	-	TWSE	2	中信美國創新科技
etf	009802	Fubon Taiwan Flagship Momentum 50 ETF	TW	TWD	2	3600	-	TWSE	3	富邦旗艦50
etf	009803	E.SUN Taiwan Market Capitalization Momentum 50 ETF	TW	TWD	2	3600	-	TWSE	4	玉山市值動能50
etf	009804	Union Taiwan 50 30% Capped ETF	TW	TWD	2	3600	-	TWSE	3	聯邦台精彩50
etf	009805	Taishin US Electricity Infrastructure Quality Income ETF	TW	TWD	2	3600	-	TWSE	4	台新美國電力基建
etf	009806	TAISHIN S&P 500 ETF	TWO	TWD	2	3600	-	TPEx	1	台新標普500
etf	009807	TAISHIN S&P TECHNOLOGY SELECT SECTOR ETF	TWO	TWD	2	3600	-	TPEx	1	台新標普科技精選
etf	009808	Hua Nan Taiwan Moat Select 50 ETF	TW	TWD	2	3600	-	TWSE	1	華南永昌優選50
etf	009809	Fubon Taiwan NET ZERO ESG 50 ETF	TW	TWD	2	3600	-	TWSE	1	富邦淨零ESG50
etf	00980A	NEXT FUNDS – Nomura Taiwan SMART Select Active ETF	TW	TWD	2	3600	-	TWSE	5	主動野村臺灣優選
etf	00980B	TAISHIN BBB USD CORPORATE 10+ YEARS ETF	TWO	TWD	2	3600	-	TPEx	1	台新特選IG債10+
etf	00980D	ABITL IG CORP INCOME ACTIVE ETF	TWO	TWD	2	3600	-	TPEx	3	主動聯博投等入息
etf	00980T	KGI US TOP BALANCED ETF	TWO	TWD	2	3600	-	TPEx	2	平衡凱基美國TOP
etf	009810	E.SUN Global 100 ETF	TW	TWD	2	3600	-	TWSE	2	玉山全球藍籌100
etf	009811	UPAMC NYSE US 50 ETF	TW	TWD	2	3600	-	TWSE	2	統一美國50
etf	009812	NEXT FUNDS – Nomura TOPIX Feeder ETF	TW	TWD	2	3600	-	TWSE	2	野村日本東證
etf	009813	BlackRock iShares S&amp;P 500 Top 50 ETF	TW	TWD	2	3600	-	TWSE	2	貝萊德標普卓越50
etf	009814	FUBON S&P 500 ETF	TWO	TWD	2	3600	-	TPEx	3	富邦標普500
etf	009815	UNITED MAG7+ US BIG TECH ETF	TWO	TWD	2	3600	-	TPEx	3	大華美國MAG7+
etf	009816	KGI Taiwan TOP 50 ETF	TW	TWD	2	3600	-	TWSE	7	凱基台灣TOP50
etf	009817	Cathay Daiwa Japan REITs Dividend Income ETF	TW	TWD	2	3600	-	TWSE	2	國泰日本不動產
etf	009818	Hua Nan NASDAQ 100 Technology ETF	TW	TWD	2	3600	-	TWSE	1	華南永昌NASDAQxT
etf	009819	CTBC Data Center &amp; Electricity Infrastructure ETF	TW	TWD	2	3600	-	TWSE	3	中信數據及電力
etf	00981A	UPAMC Taiwan Growth Active ETF	TW	TWD	2	3600	-	TWSE	8	主動統一台股增長
etf	00981B	FSITC USD HY PREMIUM INCOME ETF	TWO	TWD	2	3600	-	TPEx	5	第一金優選非投債
etf	00981D	CTBCVHYB	TWO	TWD	2	3600	-	TPEx	5	主動中信非投等債
etf	00981T	KGI Dual-Core Income Balanced ETF	TW	TWD	2	3600	-	TWSE	3	平衡凱基雙核收息
etf	009820	Yuanta Nasdaq-100 Enhanced Growth ETF	TW	TWD	2	3600	-	TWSE	4	元大納斯達克精選
etf	009821	NEXT FUNDS – Nomura Global Rare Earth and Strategic Resources ETF	TW	TWD	2	3600	-	TWSE	4	野村稀土關鍵資源
etf	009822	HUA NAN FUTURE OF FINANCE ETF	TWO	TWD	2	3600	-	TPEx	3	華南永昌未來金融
etf	009823	CAPITAL S&P500 ETF	TWO	TWD	2	3600	-	TPEx	4	群益S&P500
etf	009824	CAPITAL US TECH GIANT EXCHANGE TRADED FUND	TW	TWD	2	3600	-	TWSE	3	群益美國科技巨頭
etf	009825	UN US FINANCE INNOVATORS SELECT ETF	TWO	TWD	2	3600	-	TPEx	1	聯邦美國金融創新
etf	009826	BlackRock iShares Global All Cap ETF	TW	TWD	2	3600	-	TWSE	4	貝萊德世界股票
etf	009827	E.SUN Global Future Computing Power ETF	TW	TWD	2	3600	-	TWSE	3	玉山未來全球算力
etf	009828	CTBC Taiwan/Japan/Korea PCB value chain ETF	TW	TWD	2	3600	-	TWSE	6	中信台日韓PCB
etf	009829	United Korea KOSPI 50 ETF	TW	TWD	2	3600	-	TWSE	4	大華韓國KOSPI50
etf	00982A	CAPITAL TAIWAN SELECT PREMIUM ACTIVE EXCHANGE TRADED FUND	TW	TWD	2	3600	-	TWSE	6	主動群益台灣強棒
etf	00982B	FT BBB US CORPORATE ETF	TWO	TWD	2	3600	-	TPEx	1	FT投資級債20+
etf	00982D	Fubon Global Dynamic Income Investment Grade Bond Active ETF	TW	TWD	2	3600	-	TWSE	3	主動富邦動態入息
etf	00982T	Mega Taiwan-U.S. Momentum Balanced	TW	TWD	2	3600	-	TWSE	1	平衡兆豐台美動能
etf	00983A	CTBC ARK Innovation Active ETF	TW	TWD	2	3600	-	TWSE	2	主動中信ARK創新
etf	00983B	UNITED ENHANCED CPN 20Y+ US TREASURY ETF	TWO	TWD	2	3600	-	TPEx	3	大華優利美公債20
etf	00983D	Fubon Global Selective Income Bond Active ETF	TW	TWD	2	3600	-	TWSE	2	主動富邦複合收益
etf	00984A	Allianz Global Investors Taiwan Dividend and Growth Equity Active ETF	TW	TWD	2	3600	-	TWSE	4	主動安聯台灣高息
etf	00984B	UNITED ENHANCED YLD 15Y+ A US CORP ETF	TWO	TWD	2	3600	-	TPEx	3	大華優利美A債15
etf	00984D	ABITL Select Global High Yield Active ETF	TW	TWD	2	3600	-	TWSE	5	主動聯博全球非投
etf	00985A	NEXT FUNDS – Nomura Taiwan 50 Enhanced Equity Active ETF	TW	TWD	2	3600	-	TWSE	6	主動野村台灣50
etf	00985B	CAPITAL 0-5 YEAR ESG INVESTMENT GRADE CORPORATE BOND EXCHANGE TRADED FUND	TW	TWD	2	3600	-	TWSE	4	群益ESG投等債0-5
etf	00985D	BLACKROCK ISHARES INCOME PLUS ACTIVE ETF	TWO	TWD	2	3600	-	TPEx	3	主動貝萊德優投等
etf	00986A	Taishin Global Growth Leaders Active ETF	TW	TWD	2	3600	-	TWSE	1	主動台新龍頭成長
etf	00986B	FT US BANKING BOND ETF	TWO	TWD	2	3600	-	TPEx	1	FT金融債10+
etf	00986D	FUH HWA GLOBAL FINANCIAL BOND ACTIVE ETF	TWO	TWD	2	3600	-	TPEx	3	主動復華金融債息
etf	00987A	Taishin Taiwan Growth Dominance Active ETF	TW	TWD	2	3600	-	TWSE	3	主動台新優勢成長
etf	00987B	NF-NOMURA 10+ AU GOVT & QUASI BOND ETF	TWO	TWD	2	3600	-	TPEx	4	野村10+澳洲公債
etf	00987D	UPAMC US TREASURY QUANT ACTIVE ETF	TWO	TWD	2	3600	-	TPEx	4	主動統一美債量化
etf	00988A	UPAMC Global Innovation Active ETF	TW	TWD	2	3600	-	TWSE	5	主動統一全球創新
etf	00988B	E.SUN HIGH COUPON HIGH YIELD BOND ETF	TWO	TWD	2	3600	-	TPEx	4	玉山嚴選非投債
etf	00989A	JPMorgan(Taiwan) U.S. Tech Leaders Active ETF	TW	TWD	2	3600	-	TWSE	3	主動摩根美國科技
etf	00989B	TAISHIN US HIGH YIELD BOND	TWO	TWD	2	3600	-	TPEx	4	台新美國非投等債
etf	00990A	Yuanta Global AI New Economy Active ETF	TW	TWD	2	3600	-	TWSE	5	主動元大AI新經濟
etf	00990B	CATHAY GLOBAL COUPON ENHANCED HIGH YIELD BOND ETF	TWO	TWD	2	3600	-	TPEx	4	國泰收益非投等債
etf	00991A	Fuh Hwa Taiwan Future 50 Active ETF	TW	TWD	2	3600	-	TWSE	6	主動復華未來50
etf	00991B	BlackRock iShares 10+ Year USD A-Rated Corporate Bond ETF	TW	TWD	2	3600	-	TWSE	2	貝萊德A級公司債
etf	00992A	Capital Taiwan Technology Innovation Active ETF	TW	TWD	2	3600	-	TWSE	6	主動群益科技創新
etf	00992B	JKO SELECTED HIGH YIELD BOND ETF	TWO	TWD	2	3600	-	TPEx	-	街口優息非投債
etf	00993A	Allianz Global Investors Taiwan Equity Active ETF	TW	TWD	2	3600	-	TWSE	4	主動安聯台灣
etf	00994A	FSITC Taiwan Momentum Active ETF	TW	TWD	2	3600	-	TWSE	4	主動第一金台股優
etf	00995A	CTBC Taiwan Excellence Active ETF	TW	TWD	2	3600	-	TWSE	3	主動中信台灣卓越
etf	00996A	Mega Taiwan Harvest Active ETF	TW	TWD	2	3600	-	TWSE	5	主動兆豐台灣豐收
etf	00997A	Capital US Growth Active ETF	TW	TWD	2	3600	-	TWSE	4	主動群益美國增長
etf	00998A	FUH HWA GLOBAL FIN EQUITY ACTIVE ETF	TWO	TWD	2	3600	-	TPEx	6	主動復華金融股息
etf	00999A	NEXT FUNDS – Nomura Taiwan Strategic High Dividend Active ETF	TW	TWD	2	3600	-	TWSE	4	主動野村臺灣高息
equity	01001T	FUBON NO.1 REIT	TW	TWD	2	3600	-	TWSE	-	土銀富邦R1
equity	01002T	CATHAY NO.1 REIT	TW	TWD	2	3600	-	TWSE	-	土銀國泰R1
equity	01004T	FUBON NO.2 REIT.	TW	TWD	2	3600	-	TWSE	-	土銀富邦R2
equity	01007T	CATHAY NO.2 REIT	TW	TWD	2	3600	-	TWSE	-	兆豐國泰R2
equity	01009T	O-BANK NO.1 REAL ESTATE INVESTMENT TRUST	TW	TWD	2	3600	-	TWSE	-	王道圓滿R1
equity	01010T	MILLERFUL NO.1 REIT	TW	TWD	2	3600	-	TWSE	-	京城樂富R1
etf	020000	FUBON APL TR INDEX ETN	TW	TWD	2	3600	-	TWSE	1	富邦特選蘋果N
etf	020001	FUBON 20 EWTR ETN	TWO	TWD	2	3600	-	TPEx	-	富邦存股雙十N
etf	020011	PRESIDENT LOW VOLATILITY HIGH DIVIDEND TR ETN	TW	TWD	2	3600	-	TWSE	-	統一微波高息20N
etf	020012	FUBON NGMC TR INDEX ETN	TW	TWD	2	3600	-	TWSE	-	富邦行動通訊N
etf	02001L	FUBON APL TR DAILY RETURN LEVERAGED 2X INDEX ETN	TW	TWD	2	3600	-	TWSE	2	富邦蘋果正二N
etf	020020	YUANTA LDR ETN	TW	TWD	2	3600	-	TWSE	1	元大台股領航N
etf	020025	PRESIDENT NYSE FACTSET ASIA SEMICONDUCTOR NTR INDEX ETN	TWO	TWD	2	3600	-	TPEx	3	統一亞洲半導體N
etf	020028	YUANTA EVR TR ETN	TW	TWD	2	3600	-	TWSE	1	元大特選電動車N
etf	020029	YUANTA ESG HD ETN	TW	TWD	2	3600	-	TWSE	1	元大ESG高股息N
etf	020030	PRESIDENT SMART MOBILITY AND EV TR ETN	TW	TWD	2	3600	-	TWSE	1	統一智慧電動車N
etf	020031	PRESIDENT ICD TW TR ETN	TW	TWD	2	3600	-	TWSE	1	統一IC設計臺灣N
etf	020032	YUANTA GREEN ENERGY ETN	TW	TWD	2	3600	-	TWSE	1	元大綠能N
etf	020033	PRESIDENT HSTECH FUTURES INDEX ETN	TWO	TWD	2	3600	-	TPEx	1	統一恆生科期N
etf	020034	YUANTA IC DESIGN ETN	TW	TWD	2	3600	-	TWSE	1	元大IC設計N
etf	020035	YUANTA TPEX ESG HD ETN	TWO	TWD	2	3600	-	TPEx	1	元大上櫃ESG高息N
etf	020036	YUANTA FINANCIAL DH TR (PAYOUT) ETN	TW	TWD	2	3600	-	TWSE	1	元大金融配息N
etf	020037	YUANTA FINANCIAL DH TR (REINVESTMENT) ETN	TW	TWD	2	3600	-	TWSE	1	元大金融高股息N
etf	020038	YUANTA ESG HD (PAYOUT) ETN	TW	TWD	2	3600	-	TWSE	-	元大ESG配息N
etf	020039	YUANTA TAIEX TRI ETN	TW	TWD	2	3600	-	TWSE	1	元大加權N
etf	020040	YUANTA TPEX ESG LDR ETN	TWO	TWD	2	3600	-	TPEx	-	元大上櫃ESG龍頭N
etf	020041	MEGA TPEX FACTSET SC CLIMATE NZ ELITE TR INDEX ETN	TWO	TWD	2	3600	-	TPEx	1	兆豐半導體氣候N
equity	1101	TCC	TW	TWD	2	3600	-	TWSE	6	台泥
equity	1102	ACC	TW	TWD	2	3600	-	TWSE	6	亞泥
equity	1103	CHC	TW	TWD	2	3600	-	TWSE	3	嘉泥
equity	1104	UCC	TW	TWD	2	3600	-	TWSE	4	環泥
equity	1108	LUCKY CEMENT	TW	TWD	2	3600	-	TWSE	2	幸福
equity	1109	HSINGTA	TW	TWD	2	3600	-	TWSE	2	信大
equity	1110	SE CEMENT	TW	TWD	2	3600	-	TWSE	3	東泥
equity	1201	WEI CHUAN	TW	TWD	2	3600	-	TWSE	2	味全
equity	1203	VE WONG	TW	TWD	2	3600	-	TWSE	3	味王
equity	1210	GREATWALL	TW	TWD	2	3600	-	TWSE	5	大成
equity	1213	OCEANIC BEV.	TW	TWD	2	3600	-	TWSE	1	大飲
equity	1215	CPE	TW	TWD	2	3600	-	TWSE	4	卜蜂
equity	1216	UNI-PRESIDENT	TW	TWD	2	3600	-	TWSE	6	統一
equity	1217	AGV	TW	TWD	2	3600	-	TWSE	2	愛之味
equity	1218	TAISUN	TW	TWD	2	3600	-	TWSE	2	泰山
equity	1219	FWUSOW	TW	TWD	2	3600	-	TWSE	2	福壽
equity	1220	TAIROUN	TW	TWD	2	3600	-	TWSE	1	台榮
equity	1225	FOPCO	TW	TWD	2	3600	-	TWSE	2	福懋油
equity	1227	SFC	TW	TWD	2	3600	-	TWSE	4	佳格
equity	1229	LHIHC	TW	TWD	2	3600	-	TWSE	5	聯華
equity	1231	LIAN HWA FOODS	TW	TWD	2	3600	-	TWSE	4	聯華食
equity	1232	TTET	TW	TWD	2	3600	-	TWSE	4	大統益
equity	1233	TEN REN	TW	TWD	2	3600	-	TWSE	1	天仁
equity	1234	HEY SONG	TW	TWD	2	3600	-	TWSE	3	黑松
equity	1235	ST	TW	TWD	2	3600	-	TWSE	2	興泰
equity	1236	HUNYA	TW	TWD	2	3600	-	TWSE	1	宏亞
equity	1240	MORNSUN	TWO	TWD	2	3600	-	TPEx	2	茂生農經
equity	1256	SUNJUICE	TW	TWD	2	3600	-	TWSE	2	鮮活果汁-KY
equity	1259	AN-SHIN	TWO	TWD	2	3600	-	TPEx	-	安心
equity	1264	TEHMAG	TWO	TWD	2	3600	-	TPEx	4	德麥
equity	1268	HI-LAI FOODS	TWO	TWD	2	3600	-	TPEx	4	漢來美食
equity	1294	HTB	TWO	TWD	2	3600	-	TPEx	2	漢田生技
equity	1295	SYNBIO	TWO	TWD	2	3600	-	TPEx	2	生合
equity	1301	FPC	TW	TWD	2	3600	-	TWSE	6	台塑
equity	1303	NPC	TW	TWD	2	3600	-	TWSE	8	南亞
equity	1304	USI	TW	TWD	2	3600	-	TWSE	3	台聚
equity	1305	CGPC	TW	TWD	2	3600	-	TWSE	2	華夏
equity	1307	SAN FANG	TW	TWD	2	3600	-	TWSE	3	三芳
equity	1308	APC	TW	TWD	2	3600	-	TWSE	3	亞聚
equity	1309	TTC	TW	TWD	2	3600	-	TWSE	2	台達化
equity	1310	T.S.M.C.	TW	TWD	2	3600	-	TWSE	2	台苯
equity	1312	GPPC	TW	TWD	2	3600	-	TWSE	4	國喬
equity	1313	UPC	TW	TWD	2	3600	-	TWSE	4	聯成
equity	1314	CPDC	TW	TWD	2	3600	-	TWSE	4	中石化
equity	1315	TAH HSIN	TW	TWD	2	3600	-	TWSE	2	達新
equity	1316	SUN YAD	TW	TWD	2	3600	-	TWSE	2	上曜
equity	1319	TYG	TW	TWD	2	3600	-	TWSE	5	東陽
equity	1321	OPC	TW	TWD	2	3600	-	TWSE	2	大洋
equity	1323	YONYU	TW	TWD	2	3600	-	TWSE	1	永裕
equity	1324	GLOBE TAPE	TW	TWD	2	3600	-	TWSE	1	地球
equity	1325	UK	TW	TWD	2	3600	-	TWSE	1	恆大
equity	1326	FCFC	TW	TWD	2	3600	-	TWSE	6	台化
equity	1336	TAIHAN	TWO	TWD	2	3600	-	TPEx	2	台翰
equity	1337	ASIA PLASTIC	TW	TWD	2	3600	-	TWSE	1	再生-KY
equity	1338	HIROCA	TW	TWD	2	3600	-	TWSE	1	廣華-KY
equity	1339	Y.C.C.	TW	TWD	2	3600	-	TWSE	1	昭輝
equity	1340	VICTORY	TW	TWD	2	3600	-	TWSE	1	勝悅-KY
equity	1341	FULIN-KY	TW	TWD	2	3600	-	TWSE	1	富林-KY
equity	1342	CCI YILAN	TW	TWD	2	3600	-	TWSE	3	八貫
equity	1402	FENC	TW	TWD	2	3600	-	TWSE	6	遠東新
equity	1409	SSFC	TW	TWD	2	3600	-	TWSE	4	新纖
equity	1410	NYDF	TW	TWD	2	3600	-	TWSE	1	南染
equity	1413	H.C.	TW	TWD	2	3600	-	TWSE	1	宏洲
equity	1414	TUNG HO	TW	TWD	2	3600	-	TWSE	2	東和
equity	1416	KFIC	TW	TWD	2	3600	-	TWSE	1	廣豐
equity	1417	CARNIVAL	TW	TWD	2	3600	-	TWSE	1	嘉裕
equity	1418	TONGHWA	TW	TWD	2	3600	-	TWSE	1	東華
equity	1419	SHINKO.TEXTILE	TW	TWD	2	3600	-	TWSE	4	新紡
equity	1423	REWARD WOOL	TW	TWD	2	3600	-	TWSE	2	利華
equity	1432	TAROKO	TW	TWD	2	3600	-	TWSE	1	大魯閣
equity	1434	F.T.C	TW	TWD	2	3600	-	TWSE	4	福懋
equity	1435	C.F.CORP.	TW	TWD	2	3600	-	TWSE	1	中福
equity	1436	HUA YU LIEN	TW	TWD	2	3600	-	TWSE	2	華友聯
equity	1437	GTM	TW	TWD	2	3600	-	TWSE	2	勤益控
equity	1438	SANDI	TW	TWD	2	3600	-	TWSE	1	三地開發
equity	1439	ASCENT	TW	TWD	2	3600	-	TWSE	1	雋揚
equity	1440	TAINAN SPINNING	TW	TWD	2	3600	-	TWSE	4	南紡
equity	1441	TAH TONG	TW	TWD	2	3600	-	TWSE	1	大東
equity	1442	ADVANCETEK	TW	TWD	2	3600	-	TWSE	3	名軒
equity	1443	LILYTEXTILE	TW	TWD	2	3600	-	TWSE	1	立益物流
equity	1444	LEALEA	TW	TWD	2	3600	-	TWSE	2	力麗
equity	1445	UNIVERSAL	TW	TWD	2	3600	-	TWSE	1	大宇
equity	1446	HONG HO	TW	TWD	2	3600	-	TWSE	1	宏和
equity	1447	LP	TW	TWD	2	3600	-	TWSE	2	力鵬
equity	1449	CHIA HER	TW	TWD	2	3600	-	TWSE	1	佳和
equity	1451	NIEN HSING	TW	TWD	2	3600	-	TWSE	2	年興
equity	1452	HONG YI	TW	TWD	2	3600	-	TWSE	1	宏益
equity	1453	TA JIANG	TW	TWD	2	3600	-	TWSE	1	大將
equity	1454	TTF	TW	TWD	2	3600	-	TWSE	1	台富
equity	1455	ZIG SHENG	TW	TWD	2	3600	-	TWSE	2	集盛
equity	1456	I-HWA	TW	TWD	2	3600	-	TWSE	1	怡華
equity	1457	YI JINN	TW	TWD	2	3600	-	TWSE	2	宜進
equity	1459	LAN FA	TW	TWD	2	3600	-	TWSE	2	聯發
equity	1460	EVEREST	TW	TWD	2	3600	-	TWSE	2	宏遠
equity	1463	CSG	TW	TWD	2	3600	-	TWSE	1	強盛新
equity	1464	DE LICACY	TW	TWD	2	3600	-	TWSE	2	得力
equity	1465	WISHER	TW	TWD	2	3600	-	TWSE	1	偉全
equity	1466	ACELON	TW	TWD	2	3600	-	TWSE	1	聚隆
equity	1467	TEX-RAY	TW	TWD	2	3600	-	TWSE	1	南緯
equity	1468	CHANG HO	TW	TWD	2	3600	-	TWSE	1	昶和
equity	1470	EVERTEX	TW	TWD	2	3600	-	TWSE	1	大統新創
equity	1471	SL	TW	TWD	2	3600	-	TWSE	1	首利
equity	1472	TRI OCEAN	TW	TWD	2	3600	-	TWSE	2	三洋實業
equity	1473	TAINAN	TW	TWD	2	3600	-	TWSE	1	台南
equity	1474	HONMYUE	TW	TWD	2	3600	-	TWSE	1	弘裕
equity	1475	BIG SUNSHINE	TW	TWD	2	3600	-	TWSE	1	業旺
equity	1476	ECLAT	TW	TWD	2	3600	-	TWSE	5	儒鴻
equity	1477	MAKALOT	TW	TWD	2	3600	-	TWSE	5	聚陽
equity	1503	SEEC	TW	TWD	2	3600	-	TWSE	5	士電
equity	1504	TECO	TW	TWD	2	3600	-	TWSE	6	東元
equity	1506	RIGHT WAY	TW	TWD	2	3600	-	TWSE	1	正道
equity	1512	JL	TW	TWD	2	3600	-	TWSE	1	瑞利
equity	1513	CHEM	TW	TWD	2	3600	-	TWSE	5	中興電
equity	1514	AEC	TW	TWD	2	3600	-	TWSE	4	亞力
equity	1515	REXON	TW	TWD	2	3600	-	TWSE	2	力山
equity	1516	FALCON	TW	TWD	2	3600	-	TWSE	1	川飛
equity	1517	LEE CHI	TW	TWD	2	3600	-	TWSE	1	利奇
equity	1519	FE	TW	TWD	2	3600	-	TWSE	6	華城
equity	1521	TA YIH	TW	TWD	2	3600	-	TWSE	1	大億
equity	1522	TYC	TW	TWD	2	3600	-	TWSE	3	堤維西
equity	1524	GORDON	TW	TWD	2	3600	-	TWSE	2	耿鼎
equity	1525	KSC	TW	TWD	2	3600	-	TWSE	2	江申
equity	1526	SUNRACE	TW	TWD	2	3600	-	TWSE	1	日馳
equity	1527	BASSO	TW	TWD	2	3600	-	TWSE	2	鑽全
equity	1528	ANDERSON	TW	TWD	2	3600	-	TWSE	2	恩德
equity	1529	LUXE	TW	TWD	2	3600	-	TWSE	1	樂事綠能
equity	1530	AWEA	TW	TWD	2	3600	-	TWSE	1	亞崴
equity	1531	KAULIN	TW	TWD	2	3600	-	TWSE	1	高林股
equity	1532	CMP	TW	TWD	2	3600	-	TWSE	3	勤美
equity	1533	MORE	TW	TWD	2	3600	-	TWSE	1	車王電
equity	1535	CEC	TW	TWD	2	3600	-	TWSE	2	中宇
equity	1536	HOTA	TW	TWD	2	3600	-	TWSE	3	和大
equity	1537	KUNG LONG	TW	TWD	2	3600	-	TWSE	3	廣隆
equity	1538	JF	TW	TWD	2	3600	-	TWSE	1	正峰
equity	1539	GT	TW	TWD	2	3600	-	TWSE	1	巨庭
equity	1540	ROUNDTOP	TW	TWD	2	3600	-	TWSE	1	喬福
equity	1541	CHANG TYPE	TW	TWD	2	3600	-	TWSE	1	錩泰
equity	1558	ZENG HSING	TW	TWD	2	3600	-	TWSE	2	伸興
equity	1560	KINIK	TW	TWD	2	3600	-	TWSE	6	中砂
equity	1563	SAI	TW	TWD	2	3600	-	TWSE	3	巧新
equity	1565	ST.SHINE	TWO	TWD	2	3600	-	TPEx	3	精華
equity	1568	T.Y.	TW	TWD	2	3600	-	TWSE	1	倉佑
equity	1569	BIN CHUAN	TWO	TWD	2	3600	-	TPEx	5	濱川
equity	1570	DE POAN	TWO	TWD	2	3600	-	TPEx	2	力肯
equity	1580	SINMAG	TWO	TWD	2	3600	-	TPEx	3	新麥
equity	1582	SYNCMOLD	TW	TWD	2	3600	-	TWSE	3	信錦
equity	1583	GOODWAY	TW	TWD	2	3600	-	TWSE	2	程泰
equity	1584	STC	TWO	TWD	2	3600	-	TPEx	3	精剛
equity	1586	CFTC	TWO	TWD	2	3600	-	TPEx	2	和勤
equity	1587	CM	TW	TWD	2	3600	-	TWSE	1	吉茂
equity	1589	YGG	TW	TWD	2	3600	-	TWSE	-	永冠-KY
equity	1590	AIRTAC	TW	TWD	2	3600	-	TWSE	6	亞德客-KY
equity	1591	INMAX	TWO	TWD	2	3600	-	TPEx	2	駿吉-KY
equity	1593	CHI HUA	TWO	TWD	2	3600	-	TPEx	1	祺驊
equity	1595	CBT	TWO	TWD	2	3600	-	TPEx	3	川寶
equity	1597	CPC	TW	TWD	2	3600	-	TWSE	3	直得
equity	1598	DYACO	TW	TWD	2	3600	-	TWSE	2	岱宇
equity	1599	AEON	TWO	TWD	2	3600	-	TPEx	2	宏佳騰
equity	1603	CWCO	TW	TWD	2	3600	-	TWSE	2	華電
equity	1604	SAMPO	TW	TWD	2	3600	-	TWSE	3	聲寶
equity	1605	WALSIN	TW	TWD	2	3600	-	TWSE	6	華新
equity	1608	HE	TW	TWD	2	3600	-	TWSE	4	華榮
equity	1609	TA YA	TW	TWD	2	3600	-	TWSE	4	大亞
equity	1611	CE	TW	TWD	2	3600	-	TWSE	2	中電
equity	1612	HONG TAI	TW	TWD	2	3600	-	TWSE	3	宏泰
equity	1614	TAIWAN SANYO	TW	TWD	2	3600	-	TWSE	3	三洋電
equity	1615	DAH SAN	TW	TWD	2	3600	-	TWSE	3	大山
equity	1616	EVERTOP	TW	TWD	2	3600	-	TWSE	2	億泰
equity	1617	JSW	TW	TWD	2	3600	-	TWSE	2	榮星
equity	1618	HK	TW	TWD	2	3600	-	TWSE	3	合機
equity	1623	TEWC	TW	TWD	2	3600	-	TWSE	3	大東電
equity	1626	AIRMATE	TW	TWD	2	3600	-	TWSE	1	艾美特-KY
equity	1702	NAMCHOW	TW	TWD	2	3600	-	TWSE	3	南僑
equity	1707	GKB	TW	TWD	2	3600	-	TWSE	3	葡萄王
equity	1708	SESODA	TW	TWD	2	3600	-	TWSE	3	東鹼
equity	1709	FUCC	TW	TWD	2	3600	-	TWSE	4	和益
equity	1710	OUCC	TW	TWD	2	3600	-	TWSE	3	東聯
equity	1711	EVERLIGHT	TW	TWD	2	3600	-	TWSE	4	永光
equity	1712	SINON	TW	TWD	2	3600	-	TWSE	3	興農
equity	1713	CCW	TW	TWD	2	3600	-	TWSE	2	國化
equity	1714	HO TUNG	TW	TWD	2	3600	-	TWSE	3	和桐
equity	1717	ETERNAL	TW	TWD	2	3600	-	TWSE	5	長興
equity	1718	CMFC	TW	TWD	2	3600	-	TWSE	4	中纖
equity	1720	S.C.P.C	TW	TWD	2	3600	-	TWSE	3	生達
equity	1721	SUNKO	TW	TWD	2	3600	-	TWSE	2	國慶科技
equity	1722	TFC	TW	TWD	2	3600	-	TWSE	4	台肥
equity	1723	CSCC	TW	TWD	2	3600	-	TWSE	4	中碳
equity	1725	YJE	TW	TWD	2	3600	-	TWSE	2	元禎
equity	1726	Y.C.P.	TW	TWD	2	3600	-	TWSE	3	永記
equity	1727	CHCIW	TW	TWD	2	3600	-	TWSE	3	中華化
equity	1730	FARCENT	TW	TWD	2	3600	-	TWSE	1	花仙子
equity	1731	MAYWUFA	TW	TWD	2	3600	-	TWSE	1	美吾華
equity	1732	MAO BAO	TW	TWD	2	3600	-	TWSE	1	毛寶
equity	1733	APEXBIO	TW	TWD	2	3600	-	TWSE	1	五鼎
equity	1734	SINPHAR	TW	TWD	2	3600	-	TWSE	2	杏輝
equity	1735	EMC	TW	TWD	2	3600	-	TWSE	1	日勝化
equity	1736	JHT	TW	TWD	2	3600	-	TWSE	4	喬山
equity	1737	TAIYEN	TW	TWD	2	3600	-	TWSE	2	臺鹽
equity	1742	TWC	TWO	TWD	2	3600	-	TPEx	2	台蠟
equity	1752	NANG KUANG	TW	TWD	2	3600	-	TWSE	1	南光
equity	1760	PBF	TW	TWD	2	3600	-	TWSE	2	寶齡富錦
equity	1762	CCSB	TW	TWD	2	3600	-	TWSE	1	中化生
equity	1773	SHINY CHEMICAL	TW	TWD	2	3600	-	TWSE	5	勝一
equity	1776	HEADWAY	TW	TWD	2	3600	-	TWSE	1	展宇
equity	1777	SYN-TECH	TWO	TWD	2	3600	-	TPEx	3	生泰
equity	1780	ABC	TWO	TWD	2	3600	-	TPEx	3	立弘
equity	1781	H & L	TWO	TWD	2	3600	-	TPEx	1	合世
equity	1783	MBI	TW	TWD	2	3600	-	TWSE	1	和康生
equity	1784	BIONET CORP.	TWO	TWD	2	3600	-	TPEx	3	訊聯
equity	1785	SOLAR	TWO	TWD	2	3600	-	TPEx	6	光洋科
equity	1786	SVBI	TW	TWD	2	3600	-	TWSE	1	科妍
equity	1788	HCI	TWO	TWD	2	3600	-	TPEx	4	杏昌
equity	1789	SPT	TW	TWD	2	3600	-	TWSE	3	神隆
equity	1795	LOTUS PHARM	TW	TWD	2	3600	-	TWSE	5	美時
equity	1796	GENEFERM	TWO	TWD	2	3600	-	TPEx	1	金穎生技
equity	1799	EASYWELL	TWO	TWD	2	3600	-	TPEx	4	易威
equity	1802	TGI	TW	TWD	2	3600	-	TWSE	6	台玻
equity	1805	BLG	TW	TWD	2	3600	-	TWSE	1	寶徠
equity	1806	CHAMPION	TW	TWD	2	3600	-	TWSE	1	冠軍
equity	1808	RUN LONG	TW	TWD	2	3600	-	TWSE	4	潤隆
equity	1809	CHINA GLAZE	TW	TWD	2	3600	-	TWSE	3	中釉
equity	1810	HCG	TW	TWD	2	3600	-	TWSE	2	和成
equity	1813	POLYLITE	TWO	TWD	2	3600	-	TPEx	1	寶利徠
equity	1815	FFG	TWO	TWD	2	3600	-	TPEx	7	富喬
equity	1817	SANITAR	TW	TWD	2	3600	-	TWSE	1	凱撒衛
equity	1903	SHIHLIN PAPER	TW	TWD	2	3600	-	TWSE	3	士紙
equity	1904	CHENG LOONG	TW	TWD	2	3600	-	TWSE	4	正隆
equity	1905	CHP	TW	TWD	2	3600	-	TWSE	3	華紙
equity	1906	BAOLONG INTL.	TW	TWD	2	3600	-	TWSE	1	寶隆
equity	1907	YFY	TW	TWD	2	3600	-	TWSE	5	永豐餘
equity	1909	LONGCHEN P&P	TW	TWD	2	3600	-	TWSE	3	榮成
equity	2002	CSC	TW	TWD	2	3600	-	TWSE	6	中鋼
equity	2006	TUNG HO STEEL	TW	TWD	2	3600	-	TWSE	5	東和鋼鐵
equity	2007	YH	TW	TWD	2	3600	-	TWSE	2	燁興
equity	2008	KHC	TW	TWD	2	3600	-	TWSE	2	高興昌
equity	2009	FCC	TW	TWD	2	3600	-	TWSE	3	第一銅
equity	2010	CHUN YUAN STEEL	TW	TWD	2	3600	-	TWSE	3	春源
equity	2012	CHUN YU	TW	TWD	2	3600	-	TWSE	2	春雨
equity	2013	CSSC	TW	TWD	2	3600	-	TWSE	3	中鋼構
equity	2014	CHUNG HUNG	TW	TWD	2	3600	-	TWSE	4	中鴻
equity	2015	FH	TW	TWD	2	3600	-	TWSE	4	豐興
equity	2017	QUINTAIN STEEL	TW	TWD	2	3600	-	TWSE	2	官田鋼
equity	2020	MAYER PIPE	TW	TWD	2	3600	-	TWSE	2	美亞
equity	2022	TYCOONS	TW	TWD	2	3600	-	TWSE	1	聚亨
equity	2023	YP	TW	TWD	2	3600	-	TWSE	4	燁輝
equity	2024	CHIH LIEN	TW	TWD	2	3600	-	TWSE	1	志聯
equity	2025	CSSSC	TW	TWD	2	3600	-	TWSE	1	千興
equity	2027	TC	TW	TWD	2	3600	-	TWSE	5	大成鋼
equity	2028	WEI CHIH	TW	TWD	2	3600	-	TWSE	2	威致
equity	2029	SYSCO	TW	TWD	2	3600	-	TWSE	2	盛餘
equity	2030	FROCH	TW	TWD	2	3600	-	TWSE	3	彰源
equity	2031	HKSSTEEL	TW	TWD	2	3600	-	TWSE	3	新光鋼
equity	2032	SINKANG	TW	TWD	2	3600	-	TWSE	1	新鋼
equity	2033	CHIA TA	TW	TWD	2	3600	-	TWSE	2	佳大
equity	2034	YC	TW	TWD	2	3600	-	TWSE	3	允強
equity	2035	TE	TWO	TWD	2	3600	-	TPEx	-	唐榮
equity	2038	HAIKWANG	TW	TWD	2	3600	-	TWSE	1	海光
equity	2049	HIWIN	TW	TWD	2	3600	-	TWSE	5	上銀
equity	2059	KING SLIDE	TW	TWD	2	3600	-	TWSE	7	川湖
equity	2061	FENG CHING	TWO	TWD	2	3600	-	TPEx	3	風青
equity	2062	SSM	TW	TWD	2	3600	-	TWSE	2	橋椿
equity	2063	SHEH KAI	TWO	TWD	2	3600	-	TPEx	1	世鎧
equity	2064	CAMELLIA	TWO	TWD	2	3600	-	TPEx	1	晉椿
equity	2065	SF	TWO	TWD	2	3600	-	TPEx	2	世豐
equity	2066	SUMEEKO	TWO	TWD	2	3600	-	TPEx	2	世德
equity	2067	CYSTEEL	TWO	TWD	2	3600	-	TPEx	1	嘉鋼
equity	2069	YC	TW	TWD	2	3600	-	TWSE	2	運錩
equity	2070	CHING CHAN	TWO	TWD	2	3600	-	TPEx	3	精湛
equity	2072	CWP	TW	TWD	2	3600	-	TWSE	4	世紀風電
equity	2073	SSMC	TWO	TWD	2	3600	-	TPEx	1	雄順
equity	2101	NK	TW	TWD	2	3600	-	TWSE	4	南港
equity	2102	FEDERAL CORP	TW	TWD	2	3600	-	TWSE	3	泰豐
equity	2103	TSRC	TW	TWD	2	3600	-	TWSE	4	台橡
equity	2104	CSRC	TW	TWD	2	3600	-	TWSE	3	國際中橡
equity	2105	CST	TW	TWD	2	3600	-	TWSE	5	正新
equity	2106	KENDA	TW	TWD	2	3600	-	TWSE	3	建大
equity	2107	FRG	TW	TWD	2	3600	-	TWSE	3	厚生
equity	2108	NANTEX	TW	TWD	2	3600	-	TWSE	3	南帝
equity	2109	HWA FONG	TW	TWD	2	3600	-	TWSE	2	華豐
equity	2114	HYC	TW	TWD	2	3600	-	TWSE	2	鑫永銓
equity	2115	LUHAI	TW	TWD	2	3600	-	TWSE	1	六暉-KY
equity	2201	YL	TW	TWD	2	3600	-	TWSE	4	裕隆
equity	2204	CMC	TW	TWD	2	3600	-	TWSE	4	中華
equity	2206	SYM	TW	TWD	2	3600	-	TWSE	5	三陽工業
equity	2207	HOTAI MOTOR	TW	TWD	2	3600	-	TWSE	6	和泰車
equity	2208	CSBC	TW	TWD	2	3600	-	TWSE	4	台船
equity	2211	EGST	TW	TWD	2	3600	-	TWSE	4	長榮鋼
equity	2221	DAJA YHMCO	TWO	TWD	2	3600	-	TPEx	4	大甲
equity	2227	YNM	TW	TWD	2	3600	-	TWSE	3	裕日車
equity	2228	IRF	TW	TWD	2	3600	-	TWSE	2	劍麟
equity	2230	C.T.I.	TWO	TWD	2	3600	-	TPEx	2	泰茂
equity	2231	CUB	TW	TWD	2	3600	-	TWSE	3	為升
equity	2233	TURVO	TW	TWD	2	3600	-	TWSE	3	宇隆
equity	2235	I YUAN	TWO	TWD	2	3600	-	TPEx	1	謚源
equity	2236	PATEC	TW	TWD	2	3600	-	TWSE	2	百達-KY
equity	2237	RAC	TW	TWD	2	3600	-	TWSE	2	華德動能-創
equity	2239	CAYMAN ENGLEY	TW	TWD	2	3600	-	TWSE	1	英利-KY
equity	2241	AMULAIRE	TW	TWD	2	3600	-	TWSE	2	艾姆勒
equity	2243	HS	TW	TWD	2	3600	-	TWSE	2	宏旭-KY
equity	2247	PGUM	TW	TWD	2	3600	-	TWSE	4	汎德永業
equity	2248	ELAND	TW	TWD	2	3600	-	TWSE	1	華勝-KY
equity	2250	IKKA-KY	TW	TWD	2	3600	-	TWSE	1	IKKA-KY
equity	2254	COPLUS	TW	TWD	2	3600	-	TWSE	2	巨鎧精密-創
equity	2258	FOXTRON	TW	TWD	2	3600	-	TWSE	5	鴻華先進-創
equity	2301	LTC	TW	TWD	2	3600	-	TWSE	7	光寶科
equity	2302	RECTRON	TW	TWD	2	3600	-	TWSE	3	麗正
equity	2303	UMC	TW	TWD	2	3600	-	TWSE	8	聯電
equity	2305	MII	TW	TWD	2	3600	-	TWSE	3	全友
equity	2308	DELTA	TW	TWD	2	3600	-	TWSE	9	台達電
equity	2312	KINPO	TW	TWD	2	3600	-	TWSE	5	金寶
equity	2313	COMPEQ	TW	TWD	2	3600	-	TWSE	6	華通
equity	2314	MTI	TW	TWD	2	3600	-	TWSE	1	台揚
equity	2316	WUS	TW	TWD	2	3600	-	TWSE	4	楠梓電
equity	2317	HON HAI	TW	TWD	2	3600	-	TWSE	9	鴻海
equity	2321	TECOM	TW	TWD	2	3600	-	TWSE	1	東訊
equity	2323	CMC	TW	TWD	2	3600	-	TWSE	-	中環
equity	2324	COMPAL	TW	TWD	2	3600	-	TWSE	6	仁寶
equity	2327	YAGEO	TW	TWD	2	3600	-	TWSE	8	國巨*
equity	2328	PI	TW	TWD	2	3600	-	TWSE	4	廣宇
equity	2329	OSE	TW	TWD	2	3600	-	TWSE	4	華泰
equity	2330	TSMC	TW	TWD	2	3600	-	TWSE	9	台積電
equity	2331	ECS	TW	TWD	2	3600	-	TWSE	3	精英
equity	2332	D-LINK	TW	TWD	2	3600	-	TWSE	3	友訊
equity	2337	MACRONIX	TW	TWD	2	3600	-	TWSE	6	旺宏
equity	2338	TMC	TW	TWD	2	3600	-	TWSE	4	光罩
equity	2340	TASC	TW	TWD	2	3600	-	TWSE	4	台亞
equity	2342	MVI	TW	TWD	2	3600	-	TWSE	3	茂矽
equity	2344	WEC	TW	TWD	2	3600	-	TWSE	7	華邦電
equity	2345	ACCTON	TW	TWD	2	3600	-	TWSE	7	智邦
equity	2347	SYNNEX	TW	TWD	2	3600	-	TWSE	6	聯強
equity	2348	HIYES	TW	TWD	2	3600	-	TWSE	3	海悅
equity	2349	RITEK	TW	TWD	2	3600	-	TWSE	2	錸德
equity	2351	SDI	TW	TWD	2	3600	-	TWSE	4	順德
equity	2352	QISDA	TW	TWD	2	3600	-	TWSE	5	佳世達
equity	2353	ACER	TW	TWD	2	3600	-	TWSE	5	宏碁
equity	2354	FTC	TW	TWD	2	3600	-	TWSE	5	鴻準
equity	2355	CHIN-POON	TW	TWD	2	3600	-	TWSE	4	敬鵬
equity	2356	INVENTEC	TW	TWD	2	3600	-	TWSE	6	英業達
equity	2357	ASUSTEK	TW	TWD	2	3600	-	TWSE	7	華碩
equity	2359	SOLOMON	TW	TWD	2	3600	-	TWSE	4	所羅門
equity	2360	CHROMA	TW	TWD	2	3600	-	TWSE	7	致茂
equity	2362	CLEVO CO.	TW	TWD	2	3600	-	TWSE	4	藍天
equity	2363	SIS	TW	TWD	2	3600	-	TWSE	4	矽統
equity	2364	TWINHEAD	TW	TWD	2	3600	-	TWSE	2	倫飛
equity	2365	KYE	TW	TWD	2	3600	-	TWSE	2	昆盈
equity	2367	UNITECH	TW	TWD	2	3600	-	TWSE	4	燿華
equity	2368	GCE	TW	TWD	2	3600	-	TWSE	7	金像電
equity	2369	LPI	TW	TWD	2	3600	-	TWSE	3	菱生
equity	2371	TATUNG COMPANY	TW	TWD	2	3600	-	TWSE	5	大同
equity	2373	AURORA	TW	TWD	2	3600	-	TWSE	3	震旦行
equity	2374	ABILITY	TW	TWD	2	3600	-	TWSE	4	佳能
equity	2375	KAIMEI	TW	TWD	2	3600	-	TWSE	3	凱美
equity	2376	GIGABYTE	TW	TWD	2	3600	-	TWSE	6	技嘉
equity	2377	MSI	TW	TWD	2	3600	-	TWSE	6	微星
equity	2379	RT	TW	TWD	2	3600	-	TWSE	6	瑞昱
equity	2380	AVISION	TW	TWD	2	3600	-	TWSE	1	虹光
equity	2382	QCI	TW	TWD	2	3600	-	TWSE	8	廣達
equity	2383	EMC	TW	TWD	2	3600	-	TWSE	8	台光電
equity	2385	CHICONY	TW	TWD	2	3600	-	TWSE	5	群光
equity	2387	SUNREX	TW	TWD	2	3600	-	TWSE	2	精元
equity	2388	VIA	TW	TWD	2	3600	-	TWSE	4	威盛
equity	2390	EVERSPRING	TW	TWD	2	3600	-	TWSE	1	云辰
equity	2392	FOXLINK	TW	TWD	2	3600	-	TWSE	4	正崴
equity	2393	EVERLIGHT	TW	TWD	2	3600	-	TWSE	4	億光
equity	2395	ADVANTECH	TW	TWD	2	3600	-	TWSE	7	研華
equity	2397	DFI INC.	TW	TWD	2	3600	-	TWSE	2	友通
equity	2399	BIOSTAR	TW	TWD	2	3600	-	TWSE	3	映泰
equity	2401	SUNPLUS	TW	TWD	2	3600	-	TWSE	3	凌陽
equity	2402	ICHIA	TW	TWD	2	3600	-	TWSE	4	毅嘉
equity	2404	UIS	TW	TWD	2	3600	-	TWSE	6	漢唐
equity	2405	SHUTTLE	TW	TWD	2	3600	-	TWSE	2	輔信
equity	2406	GSC	TW	TWD	2	3600	-	TWSE	3	國碩
equity	2408	NTC	TW	TWD	2	3600	-	TWSE	8	南亞科
equity	2409	AUO	TW	TWD	2	3600	-	TWSE	6	友達
equity	2412	CHT	TW	TWD	2	3600	-	TWSE	7	中華電
equity	2413	UMEC	TW	TWD	2	3600	-	TWSE	2	環科
equity	2414	UT	TW	TWD	2	3600	-	TWSE	3	精技
equity	2415	CX TECH	TW	TWD	2	3600	-	TWSE	1	錩新
equity	2417	AVERMEDIA	TW	TWD	2	3600	-	TWSE	2	圓剛
equity	2419	H.T.	TW	TWD	2	3600	-	TWSE	3	仲琦
equity	2420	ZIPPY	TW	TWD	2	3600	-	TWSE	3	新巨
equity	2421	SUNON	TW	TWD	2	3600	-	TWSE	5	建準
equity	2423	GW	TW	TWD	2	3600	-	TWSE	3	固緯
equity	2424	LUNG HWA	TW	TWD	2	3600	-	TWSE	1	隴華
equity	2425	CHAINTECH	TW	TWD	2	3600	-	TWSE	2	承啟
equity	2426	TYNTEK	TW	TWD	2	3600	-	TWSE	4	鼎元
equity	2427	MDS	TW	TWD	2	3600	-	TWSE	2	三商電
equity	2428	THINKING	TW	TWD	2	3600	-	TWSE	4	興勤
equity	2429	PWT	TW	TWD	2	3600	-	TWSE	1	銘旺科
equity	2430	TKE	TW	TWD	2	3600	-	TWSE	1	燦坤
equity	2431	LIEN CHANG	TW	TWD	2	3600	-	TWSE	1	聯昌
equity	2432	AGT	TW	TWD	2	3600	-	TWSE	1	倚天酷碁-創
equity	2433	HUXEN	TW	TWD	2	3600	-	TWSE	2	互盛電
equity	2434	MOSPEC	TW	TWD	2	3600	-	TWSE	1	統懋
equity	2436	WELTREND	TW	TWD	2	3600	-	TWSE	3	偉詮電
equity	2438	ENLIGHT	TW	TWD	2	3600	-	TWSE	1	翔耀
equity	2439	MERRY	TW	TWD	2	3600	-	TWSE	4	美律
equity	2440	SPACE SHUTTLE	TW	TWD	2	3600	-	TWSE	1	太空梭
equity	2441	GTK	TW	TWD	2	3600	-	TWSE	5	超豐
equity	2442	JEAN	TW	TWD	2	3600	-	TWSE	2	新美齊
equity	2444	ABOCOM	TW	TWD	2	3600	-	TWSE	1	兆勁
equity	2449	KYEC	TW	TWD	2	3600	-	TWSE	6	京元電子
equity	2450	SENAO	TW	TWD	2	3600	-	TWSE	2	神腦
equity	2451	TRANSCEND	TW	TWD	2	3600	-	TWSE	5	創見
equity	2453	SYSCOM	TW	TWD	2	3600	-	TWSE	2	凌群
equity	2454	MEDIATEK	TW	TWD	2	3600	-	TWSE	9	聯發科
equity	2455	VPEC	TW	TWD	2	3600	-	TWSE	5	全新
equity	2457	PHIHONG	TW	TWD	2	3600	-	TWSE	3	飛宏
equity	2458	ELAN	TW	TWD	2	3600	-	TWSE	5	義隆
equity	2459	AUDIX	TW	TWD	2	3600	-	TWSE	2	敦吉
equity	2460	GEM	TW	TWD	2	3600	-	TWSE	2	建通
equity	2461	K LASER	TW	TWD	2	3600	-	TWSE	1	光群雷
equity	2462	LINE TEK	TW	TWD	2	3600	-	TWSE	1	良得電
equity	2464	MIRLE	TW	TWD	2	3600	-	TWSE	5	盟立
equity	2465	LEADTEK	TW	TWD	2	3600	-	TWSE	3	麗臺
equity	2466	COSMO	TW	TWD	2	3600	-	TWSE	4	冠西電
equity	2467	C SUN	TW	TWD	2	3600	-	TWSE	5	志聖
equity	2468	FIS	TW	TWD	2	3600	-	TWSE	1	華經
equity	2471	ARES	TW	TWD	2	3600	-	TWSE	1	資通
equity	2472	LELON	TW	TWD	2	3600	-	TWSE	4	立隆電
equity	2474	CATCHER	TW	TWD	2	3600	-	TWSE	5	可成
equity	2476	GS	TW	TWD	2	3600	-	TWSE	4	鉅祥
equity	2477	MEILOON	TW	TWD	2	3600	-	TWSE	2	美隆電
equity	2478	TA-I	TW	TWD	2	3600	-	TWSE	4	大毅
equity	2480	STARK	TW	TWD	2	3600	-	TWSE	4	敦陽科
equity	2481	PANJIT	TW	TWD	2	3600	-	TWSE	5	強茂
equity	2482	UIC	TW	TWD	2	3600	-	TWSE	1	連宇
equity	2483	ECE	TW	TWD	2	3600	-	TWSE	2	百容
equity	2484	SIWARD	TW	TWD	2	3600	-	TWSE	3	希華
equity	2485	ZINWELL	TW	TWD	2	3600	-	TWSE	3	兆赫
equity	2486	I-CHIUN	TW	TWD	2	3600	-	TWSE	5	一詮
equity	2488	HANPIN	TW	TWD	2	3600	-	TWSE	2	漢平
equity	2489	AMTRAN	TW	TWD	2	3600	-	TWSE	4	瑞軒
equity	2491	FOCL	TW	TWD	2	3600	-	TWSE	2	吉祥全
equity	2492	WTC	TW	TWD	2	3600	-	TWSE	6	華新科
equity	2493	AMPOC	TW	TWD	2	3600	-	TWSE	4	揚博
equity	2495	INFORTREND	TW	TWD	2	3600	-	TWSE	3	普安
equity	2496	SPC	TW	TWD	2	3600	-	TWSE	1	卓越
equity	2497	E-LEAD	TW	TWD	2	3600	-	TWSE	2	怡利電
equity	2498	HTC	TW	TWD	2	3600	-	TWSE	4	宏達電
equity	2501	CATHAY RED	TW	TWD	2	3600	-	TWSE	4	國建
equity	2504	GBM	TW	TWD	2	3600	-	TWSE	4	國產
equity	2505	KY	TW	TWD	2	3600	-	TWSE	2	國揚
equity	2506	PCC	TW	TWD	2	3600	-	TWSE	1	太設
equity	2509	CHAINQUI	TW	TWD	2	3600	-	TWSE	1	全坤建
equity	2511	PHD	TW	TWD	2	3600	-	TWSE	3	太子
equity	2514	LONG BON	TW	TWD	2	3600	-	TWSE	2	龍邦
equity	2515	BES	TW	TWD	2	3600	-	TWSE	4	中工
equity	2516	NEW ASIA	TW	TWD	2	3600	-	TWSE	2	新建
equity	2520	KINDOM	TW	TWD	2	3600	-	TWSE	4	冠德
equity	2524	KTC	TW	TWD	2	3600	-	TWSE	3	京城
equity	2527	HUNG CHING	TW	TWD	2	3600	-	TWSE	3	宏璟
equity	2528	CROWELL	TW	TWD	2	3600	-	TWSE	3	皇普
equity	2530	DELPHA	TW	TWD	2	3600	-	TWSE	4	華建
equity	2534	HSC	TW	TWD	2	3600	-	TWSE	3	宏盛
equity	2535	DA-CIN	TW	TWD	2	3600	-	TWSE	4	達欣工
equity	2536	HONG PU	TW	TWD	2	3600	-	TWSE	2	宏普
equity	2537	WE & WIN	TW	TWD	2	3600	-	TWSE	1	聯上發
equity	2538	KEETAI	TW	TWD	2	3600	-	TWSE	2	基泰
equity	2539	SAKURAD	TW	TWD	2	3600	-	TWSE	5	櫻花建
equity	2540	JSL	TW	TWD	2	3600	-	TWSE	5	愛山林
equity	2542	HIGHWEALTH	TW	TWD	2	3600	-	TWSE	5	興富發
equity	2543	HWANG CHANG	TW	TWD	2	3600	-	TWSE	4	皇昌
equity	2545	HUANG HSIANG	TW	TWD	2	3600	-	TWSE	3	皇翔
equity	2546	KEDGE	TW	TWD	2	3600	-	TWSE	3	根基
equity	2547	RADIUM	TW	TWD	2	3600	-	TWSE	3	日勝生
equity	2548	HUAKU	TW	TWD	2	3600	-	TWSE	4	華固
equity	2596	REALY	TWO	TWD	2	3600	-	TPEx	3	綠意
equity	2597	REC	TW	TWD	2	3600	-	TWSE	5	潤弘
equity	2601	FSC	TW	TWD	2	3600	-	TWSE	-	益航
equity	2603	EMC	TW	TWD	2	3600	-	TWSE	6	長榮
equity	2605	SNC	TW	TWD	2	3600	-	TWSE	4	新興
equity	2606	U-MING	TW	TWD	2	3600	-	TWSE	5	裕民
equity	2607	EITC	TW	TWD	2	3600	-	TWSE	4	榮運
equity	2608	KERRY TJ	TW	TWD	2	3600	-	TWSE	3	嘉里大榮
equity	2609	YMTC	TW	TWD	2	3600	-	TWSE	6	陽明
equity	2610	CAL	TW	TWD	2	3600	-	TWSE	5	華航
equity	2611	TSI	TW	TWD	2	3600	-	TWSE	1	志信
equity	2612	CMT	TW	TWD	2	3600	-	TWSE	3	中航
equity	2613	CCTC	TW	TWD	2	3600	-	TWSE	1	中櫃
equity	2614	EMIC	TW	TWD	2	3600	-	TWSE	2	東森
equity	2615	WANHAI	TW	TWD	2	3600	-	TWSE	6	萬海
equity	2616	SLC	TW	TWD	2	3600	-	TWSE	1	山隆
equity	2617	TNC	TW	TWD	2	3600	-	TWSE	3	台航
equity	2618	EVAAIR	TW	TWD	2	3600	-	TWSE	6	長榮航
equity	2630	AACL	TW	TWD	2	3600	-	TWSE	3	亞航
equity	2633	THSRC	TW	TWD	2	3600	-	TWSE	6	台灣高鐵
equity	2634	AIDC	TW	TWD	2	3600	-	TWSE	5	漢翔
equity	2636	T3EX	TW	TWD	2	3600	-	TWSE	3	台驊控股
equity	2637	WISDOM	TW	TWD	2	3600	-	TWSE	5	慧洋-KY
equity	2640	55688	TWO	TWD	2	3600	-	TPEx	4	大車隊
equity	2641	FRANBO LINES	TWO	TWD	2	3600	-	TPEx	4	正德
equity	2642	PELICAN	TW	TWD	2	3600	-	TWSE	1	宅配通
equity	2643	SOONEST	TWO	TWD	2	3600	-	TPEx	2	捷迅
equity	2645	EGAT	TW	TWD	2	3600	-	TWSE	5	長榮航太
equity	2646	STARLUX AIR	TW	TWD	2	3600	-	TWSE	5	星宇航空
equity	2701	WANHWA	TW	TWD	2	3600	-	TWSE	2	萬企
equity	2702	HG	TW	TWD	2	3600	-	TWSE	1	華園
equity	2704	AMBH	TW	TWD	2	3600	-	TWSE	3	國賓
equity	2705	LEOFOO	TW	TWD	2	3600	-	TWSE	1	六福
equity	2706	FIRST HOTEL	TW	TWD	2	3600	-	TWSE	2	第一店
equity	2707	GFRT	TW	TWD	2	3600	-	TWSE	4	晶華
equity	2712	FGH	TW	TWD	2	3600	-	TWSE	1	遠雄來
equity	2718	ALLMIND	TWO	TWD	2	3600	-	TPEx	3	全心投控
equity	2719	STAR TRAVEL	TWO	TWD	2	3600	-	TPEx	2	燦星旅
equity	2722	CHATEAU	TW	TWD	2	3600	-	TWSE	1	夏都
equity	2723	GOURMET	TW	TWD	2	3600	-	TWSE	3	美食-KY
equity	2724	AAGD-KY	TWO	TWD	2	3600	-	TPEx	1	藝舍-KY
equity	2726	YUMMY TOWN	TWO	TWD	2	3600	-	TPEx	1	雅茗-KY
equity	2727	WOWPRIME	TW	TWD	2	3600	-	TWSE	4	王品
equity	2729	TTFB	TWO	TWD	2	3600	-	TPEx	4	瓦城
equity	2731	LIONTRAVEL	TW	TWD	2	3600	-	TWSE	3	雄獅
equity	2732	LA KAFFA	TWO	TWD	2	3600	-	TPEx	3	六角
equity	2734	EZFLY	TWO	TWD	2	3600	-	TPEx	1	易飛網
equity	2736	HOYA	TWO	TWD	2	3600	-	TPEx	1	富野
equity	2739	MY HUMBLE HOUSE	TW	TWD	2	3600	-	TWSE	1	寒舍
equity	2740	HUA HSUAN	TWO	TWD	2	3600	-	TPEx	1	華軒
equity	2743	RICHMOND	TWO	TWD	2	3600	-	TPEx	2	山富
equity	2745	LIFE TRAVEL	TWO	TWD	2	3600	-	TPEx	3	五福
equity	2748	FDC	TW	TWD	2	3600	-	TWSE	2	雲品
equity	2751	KINGZA	TWO	TWD	2	3600	-	TPEx	1	王座
equity	2752	TOFU	TWO	TWD	2	3600	-	TPEx	3	豆府
equity	2753	BAFANG	TW	TWD	2	3600	-	TWSE	3	八方雲集
equity	2754	KURA SUSHI ASIA	TWO	TWD	2	3600	-	TPEx	3	亞洲藏壽司
equity	2755	YOUNGQIN	TWO	TWD	2	3600	-	TPEx	3	揚秦
equity	2756	LIAN FA	TWO	TWD	2	3600	-	TPEx	2	聯發國際
equity	2762	WORLD GYM	TW	TWD	2	3600	-	TWSE	3	世界健身-KY
equity	2801	CHANG HWA BANK	TW	TWD	2	3600	-	TWSE	6	彰銀
equity	2812	T.C.C.B.	TW	TWD	2	3600	-	TWSE	5	台中銀
equity	2816	UNION INS.	TW	TWD	2	3600	-	TWSE	3	旺旺保
equity	2820	CBF	TW	TWD	2	3600	-	TWSE	4	華票
equity	2832	TFMI	TW	TWD	2	3600	-	TWSE	3	台產
equity	2834	TBB	TW	TWD	2	3600	-	TWSE	6	臺企銀
equity	2836	B.O.K	TW	TWD	2	3600	-	TWSE	4	高雄銀
equity	2838	UBOT	TW	TWD	2	3600	-	TWSE	5	聯邦銀
equity	2845	FEIB	TW	TWD	2	3600	-	TWSE	5	遠東銀
equity	2849	ENTIE BANK	TW	TWD	2	3600	-	TWSE	4	安泰銀
equity	2850	SK INSURANCE	TW	TWD	2	3600	-	TWSE	5	新產
equity	2851	CENTRAL RE	TW	TWD	2	3600	-	TWSE	4	中再保
equity	2852	FIRST INS	TW	TWD	2	3600	-	TWSE	3	第一保
equity	2855	PSC	TW	TWD	2	3600	-	TWSE	5	統一證
equity	2880	HNFHC	TW	TWD	2	3600	-	TWSE	7	華南金
equity	2881	FUBON FINANCIAL	TW	TWD	2	3600	-	TWSE	8	富邦金
equity	2882	CATHAY FHC	TW	TWD	2	3600	-	TWSE	8	國泰金
equity	2883	KGI FINANCIAL	TW	TWD	2	3600	-	TWSE	7	凱基金
equity	2884	E.S.F.H	TW	TWD	2	3600	-	TWSE	7	玉山金
equity	2885	YUANTA GROUP	TW	TWD	2	3600	-	TWSE	7	元大金
equity	2886	MEGA FHC	TW	TWD	2	3600	-	TWSE	7	兆豐金
equity	2887	TS HOLDINGS	TW	TWD	2	3600	-	TWSE	7	台新新光金
equity	2889	IBF	TW	TWD	2	3600	-	TWSE	5	國票金
equity	2890	SINOPAC HOLDINGS	TW	TWD	2	3600	-	TWSE	7	永豐金
equity	2891	CTBC HOLDING	TW	TWD	2	3600	-	TWSE	8	中信金
equity	2892	FFHC	TW	TWD	2	3600	-	TWSE	7	第一金
equity	2897	O-BANK	TW	TWD	2	3600	-	TWSE	4	王道銀行
equity	2901	SHIN SHIN	TW	TWD	2	3600	-	TWSE	1	欣欣
equity	2903	FEDS	TW	TWD	2	3600	-	TWSE	4	遠百
equity	2904	POCS	TW	TWD	2	3600	-	TWSE	1	匯僑
equity	2905	MERCURIES	TW	TWD	2	3600	-	TWSE	4	三商
equity	2906	COLLINS	TW	TWD	2	3600	-	TWSE	1	高林
equity	2908	TEST RITE	TW	TWD	2	3600	-	TWSE	3	特力
equity	2910	TONLIN	TW	TWD	2	3600	-	TWSE	2	統領
equity	2911	LES ENPHANTS	TW	TWD	2	3600	-	TWSE	1	麗嬰房
equity	2912	PCSC	TW	TWD	2	3600	-	TWSE	6	統一超
equity	2913	TTC	TW	TWD	2	3600	-	TWSE	3	農林
equity	2915	RUENTEX IND.LTD	TW	TWD	2	3600	-	TWSE	5	潤泰全
equity	2916	MUNSIN	TWO	TWD	2	3600	-	TPEx	3	滿心
equity	2923	SINO HORIZON	TW	TWD	2	3600	-	TWSE	4	鼎固-KY
equity	2924	GRAND GALACTICA	TWO	TWD	2	3600	-	TPEx	1	宏太-KY
equity	2926	ESLITE SPECTRUM	TWO	TWD	2	3600	-	TPEx	2	誠品生活
equity	2929	TOPBI	TW	TWD	2	3600	-	TWSE	1	淘帝-KY
equity	2937	GSEVEN	TWO	TWD	2	3600	-	TPEx	-	集雅社
equity	2938	BEDDING WORLD	TWO	TWD	2	3600	-	TPEx	1	床的世界
equity	2939	VITAFOSS-KY	TW	TWD	2	3600	-	TWSE	1	永邑-KY
equity	2941	MISTER	TWO	TWD	2	3600	-	TPEx	1	米斯特
equity	2945	SIMPLE MART	TW	TWD	2	3600	-	TWSE	1	三商家購
equity	2947	ZHEN YU	TWO	TWD	2	3600	-	TPEx	2	振宇五金
equity	2948	BAUSEN	TWO	TWD	2	3600	-	TPEx	1	寶陞
equity	2949	HHG	TWO	TWD	2	3600	-	TPEx	2	欣新網
equity	3002	AHOKU	TW	TWD	2	3600	-	TWSE	1	歐格
equity	3003	KST	TW	TWD	2	3600	-	TWSE	3	健和興
equity	3004	NAFCO	TW	TWD	2	3600	-	TWSE	3	豐達科
equity	3005	GETAC	TW	TWD	2	3600	-	TWSE	5	神基
equity	3006	ESMT	TW	TWD	2	3600	-	TWSE	5	晶豪科
equity	3008	LARGAN	TW	TWD	2	3600	-	TWSE	7	大立光
equity	3010	WAH LEE	TW	TWD	2	3600	-	TWSE	4	華立
equity	3011	JH	TW	TWD	2	3600	-	TWSE	1	今皓
equity	3013	UNEEC	TW	TWD	2	3600	-	TWSE	4	晟銘電
equity	3014	ITE	TW	TWD	2	3600	-	TWSE	4	聯陽
equity	3015	FSP	TW	TWD	2	3600	-	TWSE	3	全漢
equity	3016	EPI	TW	TWD	2	3600	-	TWSE	5	嘉晶
equity	3017	AVC	TW	TWD	2	3600	-	TWSE	8	奇鋐
equity	3018	LUNG MING	TW	TWD	2	3600	-	TWSE	1	隆銘綠能
equity	3019	ASIA	TW	TWD	2	3600	-	TWSE	4	亞光
equity	3021	WELLTEND	TW	TWD	2	3600	-	TWSE	1	鴻名
equity	3022	IEI	TW	TWD	2	3600	-	TWSE	3	威強電
equity	3023	SINBON	TW	TWD	2	3600	-	TWSE	5	信邦
equity	3024	ACTION	TW	TWD	2	3600	-	TWSE	2	憶聲
equity	3025	LOOP	TW	TWD	2	3600	-	TWSE	1	星通
equity	3026	HOLY STONE	TW	TWD	2	3600	-	TWSE	6	禾伸堂
equity	3027	BILLION	TW	TWD	2	3600	-	TWSE	1	盛達
equity	3028	ZENITRON	TW	TWD	2	3600	-	TWSE	3	增你強
equity	3029	ZERO ONE	TW	TWD	2	3600	-	TWSE	4	零壹
equity	3030	TRI	TW	TWD	2	3600	-	TWSE	5	德律
equity	3031	BRIGHT	TW	TWD	2	3600	-	TWSE	2	佰鴻
equity	3032	COMPUCASE	TW	TWD	2	3600	-	TWSE	3	偉訓
equity	3033	WEIKENG	TW	TWD	2	3600	-	TWSE	4	威健
equity	3034	NOVATEK	TW	TWD	2	3600	-	TWSE	6	聯詠
equity	3035	FARADAY	TW	TWD	2	3600	-	TWSE	5	智原
equity	3036	WT	TW	TWD	2	3600	-	TWSE	6	文曄
equity	3037	UNIMICRON	TW	TWD	2	3600	-	TWSE	8	欣興
equity	3038	EDT	TW	TWD	2	3600	-	TWSE	1	全台
equity	3040	G.V.	TW	TWD	2	3600	-	TWSE	1	遠見
equity	3041	ALI	TW	TWD	2	3600	-	TWSE	2	揚智
equity	3042	TXC	TW	TWD	2	3600	-	TWSE	5	晶技
equity	3043	PCM	TW	TWD	2	3600	-	TWSE	1	科風
equity	3044	TRIPOD	TW	TWD	2	3600	-	TWSE	6	健鼎
equity	3045	TWM	TW	TWD	2	3600	-	TWSE	6	台灣大
equity	3046	AOPEN	TW	TWD	2	3600	-	TWSE	2	建碁
equity	3047	EDIMAX	TW	TWD	2	3600	-	TWSE	1	訊舟
equity	3048	EDOM	TW	TWD	2	3600	-	TWSE	3	益登
equity	3049	HANNSTOUCH	TW	TWD	2	3600	-	TWSE	3	精金
equity	3050	U-TECH	TW	TWD	2	3600	-	TWSE	1	鈺德
equity	3051	OPTIMAX	TW	TWD	2	3600	-	TWSE	2	力特
equity	3052	APEX	TW	TWD	2	3600	-	TWSE	1	夆典
equity	3054	LIWANLI	TW	TWD	2	3600	-	TWSE	2	立萬利
equity	3055	SPIROX CORP.	TW	TWD	2	3600	-	TWSE	4	蔚華科
equity	3056	FU HUA	TW	TWD	2	3600	-	TWSE	2	富華新
equity	3057	PROMISE	TW	TWD	2	3600	-	TWSE	1	喬鼎
equity	3058	LEI	TW	TWD	2	3600	-	TWSE	1	立德
equity	3059	ALTEK	TW	TWD	2	3600	-	TWSE	3	華晶科
equity	3060	MIN AIK	TW	TWD	2	3600	-	TWSE	2	銘異
equity	3062	CYBERTAN	TW	TWD	2	3600	-	TWSE	2	建漢
equity	3064	ASTRO CORP.	TWO	TWD	2	3600	-	TPEx	1	泰偉
equity	3066	TAIWAN OASIS	TWO	TWD	2	3600	-	TPEx	2	李洲
equity	3067	PNC	TWO	TWD	2	3600	-	TPEx	-	全域
equity	3071	ADDA	TWO	TWD	2	3600	-	TPEx	2	協禧
equity	3073	TEAMPHON	TWO	TWD	2	3600	-	TPEx	1	天方能源
equity	3078	CWT	TWO	TWD	2	3600	-	TPEx	5	僑威
equity	3081	LANDMARK	TWO	TWD	2	3600	-	TPEx	8	聯亞
equity	3083	CHINESE GAMER	TWO	TWD	2	3600	-	TPEx	2	網龍
equity	3085	NEWRETAIL	TWO	TWD	2	3600	-	TPEx	-	新零售
equity	3086	WAYI	TWO	TWD	2	3600	-	TPEx	4	華義*
equity	3088	AXIOMTEK	TWO	TWD	2	3600	-	TPEx	5	艾訊
equity	3090	NDB	TW	TWD	2	3600	-	TWSE	5	日電貿
equity	3092	HOTRON	TW	TWD	2	3600	-	TWSE	1	鴻碩
equity	3093	TKK	TWO	TWD	2	3600	-	TPEx	4	港建*
equity	3094	DAVICOM	TW	TWD	2	3600	-	TWSE	2	聯傑
equity	3095	CCC	TWO	TWD	2	3600	-	TPEx	1	及成
equity	3105	WIN	TWO	TWD	2	3600	-	TPEx	8	穩懋
equity	3114	HT	TWO	TWD	2	3600	-	TPEx	3	好德
equity	3115	TSC	TWO	TWD	2	3600	-	TPEx	1	富榮綱
equity	3118	LEVEL	TWO	TWD	2	3600	-	TPEx	1	進階
equity	3122	MEGAWIN	TWO	TWD	2	3600	-	TPEx	1	笙泉
equity	3128	HI SHARP	TWO	TWD	2	3600	-	TPEx	1	昇銳
equity	3130	104	TW	TWD	2	3600	-	TWSE	2	一零四
equity	3131	GPTC	TWO	TWD	2	3600	-	TPEx	7	弘塑
equity	3135	GOLDKEY TECH.	TW	TWD	2	3600	-	TWSE	3	凌航
equity	3138	AUDEN	TW	TWD	2	3600	-	TWSE	2	耀登
equity	3141	ULTRACHIP	TWO	TWD	2	3600	-	TPEx	4	晶宏
equity	3147	JETWELL	TWO	TWD	2	3600	-	TPEx	5	大綜
equity	3149	G-TECH	TW	TWD	2	3600	-	TWSE	4	正達
equity	3150	SYNCOMM	TW	TWD	2	3600	-	TWSE	1	鈺寶-創
equity	3152	ACX	TWO	TWD	2	3600	-	TPEx	4	璟德
equity	3158	SYSJUST	TWO	TWD	2	3600	-	TPEx	3	嘉實
equity	3162	UAT	TWO	TWD	2	3600	-	TPEx	5	精確
equity	3163	BROWAVE	TWO	TWD	2	3600	-	TPEx	6	波若威
equity	3164	GENMONT	TW	TWD	2	3600	-	TWSE	1	景岳
equity	3167	TA LIANG	TW	TWD	2	3600	-	TWSE	5	大量
equity	3168	DATA IMAGE	TW	TWD	2	3600	-	TWSE	1	眾福科
equity	3169	ASIX	TWO	TWD	2	3600	-	TPEx	4	亞信
equity	3171	YCD	TWO	TWD	2	3600	-	TPEx	2	炎洲流通
equity	3176	MEDIGEN	TWO	TWD	2	3600	-	TPEx	4	基亞
equity	3178	GONGIN	TWO	TWD	2	3600	-	TPEx	3	公準
equity	3188	GLTD	TWO	TWD	2	3600	-	TPEx	3	鑫龍騰
equity	3189	KINSUS	TW	TWD	2	3600	-	TWSE	7	景碩
equity	3191	YJN	TWO	TWD	2	3600	-	TPEx	1	雲嘉南
equity	3205	SLS	TWO	TWD	2	3600	-	TPEx	3	佰研
equity	3206	KINGSTATE	TWO	TWD	2	3600	-	TPEx	2	志豐
equity	3207	YAO SHENG	TWO	TWD	2	3600	-	TPEx	3	耀勝
equity	3209	ALLTEK	TW	TWD	2	3600	-	TWSE	3	全科
equity	3211	DYNAPACK	TWO	TWD	2	3600	-	TPEx	6	順達
equity	3213	MILDEF	TWO	TWD	2	3600	-	TPEx	4	茂訊
equity	3217	ARGOSY	TWO	TWD	2	3600	-	TPEx	5	優群
equity	3218	UNIVERSAL	TWO	TWD	2	3600	-	TPEx	5	大學光
equity	3219	AETHERTEK	TWO	TWD	2	3600	-	TPEx	4	倚強科
equity	3221	TST	TWO	TWD	2	3600	-	TPEx	4	台嘉碩
equity	3224	METATECH	TWO	TWD	2	3600	-	TPEx	2	三顧
equity	3226	LFA	TWO	TWD	2	3600	-	TPEx	3	龍鋒
equity	3227	PXI	TWO	TWD	2	3600	-	TPEx	6	原相
equity	3228	RDC	TWO	TWD	2	3600	-	TPEx	5	金麗科
equity	3229	CHEER TIME	TW	TWD	2	3600	-	TWSE	2	晟鈦
equity	3230	JIIN MING	TWO	TWD	2	3600	-	TPEx	3	錦明
equity	3231	WISTRON	TW	TWD	2	3600	-	TWSE	7	緯創
equity	3232	SIC	TWO	TWD	2	3600	-	TPEx	1	昱捷
equity	3234	TRUELIGHT	TWO	TWD	2	3600	-	TPEx	6	光環
equity	3236	ABC	TWO	TWD	2	3600	-	TPEx	4	千如
equity	3252	HAIWAN	TWO	TWD	2	3600	-	TPEx	1	海灣
equity	3257	CHAMPION	TW	TWD	2	3600	-	TWSE	2	虹冠電
equity	3259	3S	TWO	TWD	2	3600	-	TPEx	1	鑫創
equity	3260	ADATA	TWO	TWD	2	3600	-	TPEx	7	威剛
equity	3264	ARDENTEC	TWO	TWD	2	3600	-	TPEx	7	欣銓
equity	3265	WST	TWO	TWD	2	3600	-	TPEx	6	台星科
equity	3266	SUNTY	TW	TWD	2	3600	-	TWSE	2	昇陽
equity	3268	HIGHER WAY	TWO	TWD	2	3600	-	TPEx	1	海德威
equity	3272	GW	TWO	TWD	2	3600	-	TPEx	1	東碩
equity	3276	THT	TWO	TWD	2	3600	-	TPEx	1	宇環
equity	3284	TOP	TWO	TWD	2	3600	-	TPEx	2	太普高
equity	3285	MT	TWO	TWD	2	3600	-	TPEx	2	微端
equity	3287	KWORLD	TWO	TWD	2	3600	-	TPEx	2	廣寰科
equity	3288	SITI	TWO	TWD	2	3600	-	TPEx	1	點晶
equity	3289	IST	TWO	TWD	2	3600	-	TPEx	5	宜特
equity	3290	DONPON	TWO	TWD	2	3600	-	TPEx	3	東浦
equity	3293	IGS	TWO	TWD	2	3600	-	TPEx	8	鈊象
equity	3294	MEGAFORCE	TWO	TWD	2	3600	-	TPEx	3	英濟
equity	3296	POWERTECH	TW	TWD	2	3600	-	TWSE	1	勝德
equity	3297	HUNT	TWO	TWD	2	3600	-	TPEx	1	杭特
equity	3303	UNIVACCO	TWO	TWD	2	3600	-	TPEx	3	岱稜
equity	3305	SHENMAO	TW	TWD	2	3600	-	TWSE	3	昇貿
equity	3306	ROYALTEK	TWO	TWD	2	3600	-	TPEx	2	鼎天
equity	3308	BESTEC	TW	TWD	2	3600	-	TWSE	1	聯德
equity	3310	CHIALIN	TWO	TWD	2	3600	-	TPEx	4	佳穎
equity	3311	SILITECH	TW	TWD	2	3600	-	TWSE	2	閎暉
equity	3312	GMI	TW	TWD	2	3600	-	TWSE	3	弘憶股
equity	3313	FCD	TWO	TWD	2	3600	-	TPEx	2	斐成
equity	3317	NIKO-SEM	TWO	TWD	2	3600	-	TPEx	4	尼克森
equity	3321	UNIFLEX	TW	TWD	2	3600	-	TWSE	1	同泰
equity	3322	JEM	TWO	TWD	2	3600	-	TPEx	2	建舜電
equity	3323	CELXPERT	TWO	TWD	2	3600	-	TPEx	3	加百裕
equity	3324	AURAS	TWO	TWD	2	3600	-	TPEx	7	雙鴻
equity	3325	CASING	TWO	TWD	2	3600	-	TPEx	1	旭品
equity	3332	CINCON	TWO	TWD	2	3600	-	TPEx	3	幸康
equity	3338	TAISOL	TW	TWD	2	3600	-	TWSE	2	泰碩
equity	3339	TEKCORE	TWO	TWD	2	3600	-	TPEx	3	泰谷
equity	3346	LASTER TECH	TW	TWD	2	3600	-	TWSE	1	麗清
equity	3349	DEXIN	TWO	TWD	2	3600	-	TPEx	1	寶德
equity	3354	MICROCOSM	TWO	TWD	2	3600	-	TPEx	2	律勝
equity	3356	GEOVISION	TW	TWD	2	3600	-	TWSE	2	奇偶
equity	3357	TAI-TECH	TWO	TWD	2	3600	-	TPEx	6	臺慶科
equity	3360	SUNNIC	TWO	TWD	2	3600	-	TPEx	1	尚立
equity	3362	ABILITY	TWO	TWD	2	3600	-	TPEx	6	先進光
equity	3363	FOCI	TWO	TWD	2	3600	-	TPEx	7	上詮
equity	3372	TICP	TWO	TWD	2	3600	-	TPEx	3	典範
equity	3373	RADIANT	TWO	TWD	2	3600	-	TPEx	1	熱映
equity	3374	XINTEC	TWO	TWD	2	3600	-	TPEx	7	精材
equity	3376	SZS	TW	TWD	2	3600	-	TWSE	4	新日興
equity	3379	TBC	TWO	TWD	2	3600	-	TPEx	1	彬台
equity	3380	ALPHA	TW	TWD	2	3600	-	TWSE	4	明泰
equity	3388	TTC	TWO	TWD	2	3600	-	TPEx	4	崇越電
equity	3390	SUNFLEX	TWO	TWD	2	3600	-	TPEx	2	旭軟
equity	3402	WHOLETECH	TWO	TWD	2	3600	-	TPEx	5	漢科
equity	3406	GSEO	TW	TWD	2	3600	-	TWSE	5	玉晶光
equity	3413	FITI	TW	TWD	2	3600	-	TWSE	4	京鼎
equity	3416	WINMATE	TW	TWD	2	3600	-	TWSE	3	融程電
equity	3419	WHAYU	TW	TWD	2	3600	-	TWSE	1	譁裕
equity	3430	CHITEC	TWO	TWD	2	3600	-	TPEx	3	奇鈦科
equity	3432	TAI TWUN	TW	TWD	2	3600	-	TWSE	1	台端
equity	3434	ACULA	TWO	TWD	2	3600	-	TPEx	1	哲固
equity	3437	AOT	TW	TWD	2	3600	-	TWSE	1	榮創
equity	3438	AAT	TWO	TWD	2	3600	-	TPEx	3	類比科
equity	3441	UNIQUE	TWO	TWD	2	3600	-	TPEx	4	聯一光
equity	3443	GUC	TW	TWD	2	3600	-	TWSE	7	創意
equity	3444	NICHING	TWO	TWD	2	3600	-	TPEx	3	利機
equity	3447	XAVI	TW	TWD	2	3600	-	TWSE	1	展達
equity	3450	ELASER	TW	TWD	2	3600	-	TWSE	5	聯鈞
equity	3455	UTECHZONE	TWO	TWD	2	3600	-	TPEx	5	由田
equity	3465	NAE	TWO	TWD	2	3600	-	TPEx	1	進泰電子
equity	3466	SKARDIN	TWO	TWD	2	3600	-	TPEx	2	德晉
equity	3467	FORCERA	TWO	TWD	2	3600	-	TPEx	2	台灣精材
equity	3479	AVALUE	TWO	TWD	2	3600	-	TPEx	5	安勤
equity	3481	INX	TW	TWD	2	3600	-	TWSE	6	群創
equity	3483	FCN	TWO	TWD	2	3600	-	TPEx	4	力致
equity	3484	SOLTEAM	TWO	TWD	2	3600	-	TPEx	3	崧騰
equity	3485	EF	TWO	TWD	2	3600	-	TPEx	4	敘豐
equity	3489	SUN BROTHERS	TWO	TWD	2	3600	-	TPEx	2	森寶
equity	3490	SINGLEWELL	TWO	TWD	2	3600	-	TPEx	2	單井
equity	3491	UMT	TWO	TWD	2	3600	-	TPEx	7	昇達科
equity	3492	ACT	TWO	TWD	2	3600	-	TPEx	1	長盛
equity	3494	HITI	TW	TWD	2	3600	-	TWSE	1	誠研
equity	3498	USUN	TWO	TWD	2	3600	-	TPEx	5	陽程
equity	3499	GLOBALSAT	TWO	TWD	2	3600	-	TPEx	1	環天科
equity	3501	WELL SHIN	TW	TWD	2	3600	-	TWSE	2	維熹
equity	3504	YOUNG OPTICS	TW	TWD	2	3600	-	TWSE	3	揚明光
equity	3508	WAYS	TWO	TWD	2	3600	-	TPEx	3	位速
equity	3511	SIMULA TECH INC	TWO	TWD	2	3600	-	TPEx	2	矽瑪
equity	3512	HUANG LONG	TWO	TWD	2	3600	-	TPEx	2	皇龍
equity	3515	ASROCK	TW	TWD	2	3600	-	TWSE	4	華擎
equity	3516	ADO	TWO	TWD	2	3600	-	TPEx	2	亞帝歐
equity	3518	PT TECH.	TW	TWD	2	3600	-	TWSE	2	柏騰
equity	3520	JVE	TWO	TWD	2	3600	-	TPEx	2	華盈
equity	3521	TSG DEVELOPMENT	TWO	TWD	2	3600	-	TPEx	2	台鋼建設
equity	3522	TOPLUS	TWO	TWD	2	3600	-	TPEx	1	御嵿
equity	3523	EFUN	TWO	TWD	2	3600	-	TPEx	1	迎輝
equity	3526	ALLTOP	TWO	TWD	2	3600	-	TPEx	5	凡甲
equity	3527	MBI	TWO	TWD	2	3600	-	TPEx	2	聚積
equity	3528	ANSTEK	TW	TWD	2	3600	-	TWSE	2	安馳
equity	3529	EMEMORY	TWO	TWD	2	3600	-	TPEx	8	力旺
equity	3530	SOI	TW	TWD	2	3600	-	TWSE	2	晶相光
equity	3531	SHIAN YIH	TWO	TWD	2	3600	-	TPEx	1	先益
equity	3532	FST	TW	TWD	2	3600	-	TWSE	6	台勝科
equity	3533	LOTES	TW	TWD	2	3600	-	TWSE	6	嘉澤
equity	3535	FAVITE	TW	TWD	2	3600	-	TWSE	2	晶彩科
equity	3537	PODAK	TWO	TWD	2	3600	-	TPEx	3	堡達
equity	3540	THERMALTAKE	TWO	TWD	2	3600	-	TPEx	2	曜越
equity	3541	CYP	TWO	TWD	2	3600	-	TPEx	2	西柏
equity	3543	JOCHU	TW	TWD	2	3600	-	TWSE	2	州巧
equity	3545	FOCALTECH	TW	TWD	2	3600	-	TWSE	3	敦泰
equity	3546	USERJOY	TWO	TWD	2	3600	-	TPEx	3	宇峻
equity	3548	JARLLY	TWO	TWD	2	3600	-	TPEx	4	兆利
equity	3550	COPARTNER	TW	TWD	2	3600	-	TWSE	1	聯穎
equity	3551	SHT	TWO	TWD	2	3600	-	TPEx	5	世禾
equity	3552	TUNG THIH	TWO	TWD	2	3600	-	TPEx	3	同致
equity	3555	BAAS	TWO	TWD	2	3600	-	TPEx	4	博士旺
equity	3556	EETI	TWO	TWD	2	3600	-	TPEx	3	禾瑞亞
equity	3557	JIAWEI	TW	TWD	2	3600	-	TWSE	1	嘉威
equity	3558	SENAO NETWORKS	TWO	TWD	2	3600	-	TPEx	4	神準
equity	3563	MACHVISION	TW	TWD	2	3600	-	TWSE	5	牧德
equity	3564	AEWIN	TWO	TWD	2	3600	-	TPEx	3	其陽
equity	3567	ETREND	TWO	TWD	2	3600	-	TPEx	1	逸昌
equity	3570	OITC	TWO	TWD	2	3600	-	TPEx	3	大塚
equity	3576	URE	TW	TWD	2	3600	-	TWSE	4	聯合再生
equity	3577	ICP DAS	TWO	TWD	2	3600	-	TPEx	4	泓格
equity	3580	UVAT	TWO	TWD	2	3600	-	TPEx	3	友威科
equity	3581	ZVC	TWO	TWD	2	3600	-	TPEx	4	博磊
equity	3583	SCIENTECH	TW	TWD	2	3600	-	TWSE	5	辛耘
equity	3587	MA-TEK	TWO	TWD	2	3600	-	TPEx	5	閎康
equity	3588	LD	TW	TWD	2	3600	-	TWSE	2	通嘉
equity	3591	EDISON OPTO	TW	TWD	2	3600	-	TWSE	2	艾笛森
equity	3592	RAYDIUM	TW	TWD	2	3600	-	TWSE	4	瑞鼎
equity	3593	LOGAH	TW	TWD	2	3600	-	TWSE	1	力銘
equity	3594	ARBOR	TWO	TWD	2	3600	-	TPEx	3	磐儀
equity	3596	ARCADYAN	TW	TWD	2	3600	-	TWSE	4	智易
equity	3597	AVI	TWO	TWD	2	3600	-	TPEx	1	映興
equity	3605	ACES	TW	TWD	2	3600	-	TWSE	4	宏致
equity	3607	COXON	TW	TWD	2	3600	-	TWSE	1	谷崧
equity	3609	HEP	TWO	TWD	2	3600	-	TPEx	1	三一東林
equity	3611	TSC AUTO ID	TWO	TWD	2	3600	-	TPEx	4	鼎翰
equity	3615	AIMCORE	TWO	TWD	2	3600	-	TPEx	3	安可
equity	3617	CYBERPOWER	TW	TWD	2	3600	-	TWSE	4	碩天
equity	3622	YFO	TW	TWD	2	3600	-	TWSE	2	洋華
equity	3623	TTI	TWO	TWD	2	3600	-	TPEx	1	富晶通
equity	3624	VIKING	TWO	TWD	2	3600	-	TPEx	5	光頡
equity	3625	C-TECH	TWO	TWD	2	3600	-	TPEx	1	西勝
equity	3628	ABLEREX	TWO	TWD	2	3600	-	TPEx	3	盈正
equity	3629	GRAVITYTAI	TWO	TWD	2	3600	-	TPEx	1	地心引力
equity	3630	NEWMAX	TWO	TWD	2	3600	-	TPEx	4	新鉅科
equity	3631	CHERNAN	TWO	TWD	2	3600	-	TPEx	3	晟楠
equity	3632	PAPAGO	TWO	TWD	2	3600	-	TPEx	1	研勤
equity	3645	TMT	TW	TWD	2	3600	-	TWSE	3	達邁
equity	3646	ANT	TWO	TWD	2	3600	-	TPEx	1	艾恩特
equity	3652	UNITECH ELEC.	TW	TWD	2	3600	-	TWSE	1	精聯
equity	3653	JENTECH	TW	TWD	2	3600	-	TWSE	7	健策
equity	3661	ALCHIP	TW	TWD	2	3600	-	TWSE	6	世芯-KY
equity	3663	TTMC	TWO	TWD	2	3600	-	TPEx	4	鑫科
equity	3664	ARRAY	TWO	TWD	2	3600	-	TPEx	1	安瑞-KY
equity	3665	BHI(BIZLINK)	TW	TWD	2	3600	-	TWSE	6	貿聯-KY
equity	3666	OTI	TWO	TWD	2	3600	-	TPEx	3	光耀
equity	3669	AVER	TW	TWD	2	3600	-	TWSE	1	圓展
equity	3672	CTS	TWO	TWD	2	3600	-	TPEx	1	康聯訊
equity	3673	TPK	TW	TWD	2	3600	-	TWSE	4	TPK-KY
equity	3675	ERIS TECH	TWO	TWD	2	3600	-	TPEx	5	德微
equity	3679	NISHOKU	TW	TWD	2	3600	-	TWSE	2	新至陞
equity	3680	GUDENG	TWO	TWD	2	3600	-	TPEx	6	家登
equity	3684	GRAND-TEK	TWO	TWD	2	3600	-	TPEx	2	榮昌
equity	3685	TAC	TWO	TWD	2	3600	-	TPEx	3	元創精密
equity	3686	DANEN	TW	TWD	2	3600	-	TWSE	1	達能
equity	3687	OMG	TWO	TWD	2	3600	-	TPEx	2	歐買尬
equity	3689	UDE	TWO	TWD	2	3600	-	TPEx	5	湧德
equity	3691	GIGASOLAR	TWO	TWD	2	3600	-	TPEx	4	碩禾
equity	3693	AIC	TWO	TWD	2	3600	-	TPEx	6	營邦
equity	3694	AZUREWAVE	TW	TWD	2	3600	-	TWSE	3	海華
equity	3701	FICG	TW	TWD	2	3600	-	TWSE	3	大眾控
equity	3702	WPG	TW	TWD	2	3600	-	TWSE	6	大聯大
equity	3703	CHC	TW	TWD	2	3600	-	TWSE	3	欣陸
equity	3704	ZYXEL GROUP	TW	TWD	2	3600	-	TWSE	4	合勤控
equity	3705	Y.S.H.	TW	TWD	2	3600	-	TWSE	3	永信
equity	3706	MHC	TW	TWD	2	3600	-	TWSE	5	神達
equity	3707	EPISIL	TWO	TWD	2	3600	-	TPEx	6	漢磊
equity	3708	SWANCOR	TW	TWD	2	3600	-	TWSE	3	上緯投控
equity	3709	TRIGOLD	TWO	TWD	2	3600	-	TPEx	4	鑫聯大投控
equity	3710	ACON HOLDING	TWO	TWD	2	3600	-	TPEx	2	連展投控
equity	3711	ASEH	TW	TWD	2	3600	-	TWSE	9	日月光投控
equity	3712	FITH	TW	TWD	2	3600	-	TWSE	2	永崴投控
equity	3713	HSINJING HOLDING	TWO	TWD	2	3600	-	TPEx	1	新晶投控
equity	3714	ENNOSTAR	TW	TWD	2	3600	-	TWSE	4	富采
equity	3715	DYNAMIC HOLDING	TW	TWD	2	3600	-	TWSE	4	定穎投控
equity	3716	CENRA INC.	TW	TWD	2	3600	-	TWSE	2	中化控股
equity	3717	EOI HOLDING	TW	TWD	2	3600	-	TWSE	2	聯嘉投控
equity	3718	CIHC	TWO	TWD	2	3600	-	TPEx	6	中光電投控
equity	4102	YUNGZIP	TWO	TWD	2	3600	-	TPEx	1	永日
equity	4104	EXCELSIOR	TW	TWD	2	3600	-	TWSE	3	佳醫
equity	4105	TTY	TWO	TWD	2	3600	-	TPEx	5	東洋
equity	4106	WELLELL	TW	TWD	2	3600	-	TWSE	1	雃博
equity	4107	BIOTEQUE	TWO	TWD	2	3600	-	TPEx	4	邦特
equity	4108	PHYTOHEALTH	TW	TWD	2	3600	-	TWSE	1	懷特
equity	4109	JIA JIE BIO	TWO	TWD	2	3600	-	TPEx	1	加捷生醫
equity	4111	CHI SHENG	TWO	TWD	2	3600	-	TPEx	2	濟生
equity	4113	WE&WIN	TWO	TWD	2	3600	-	TPEx	3	聯上
equity	4114	SYNMOSA	TWO	TWD	2	3600	-	TPEx	5	健喬
equity	4116	BMTC	TWO	TWD	2	3600	-	TPEx	2	明基醫
equity	4119	SCI	TW	TWD	2	3600	-	TWSE	2	旭富
equity	4120	OEP	TWO	TWD	2	3600	-	TPEx	3	友華
equity	4121	ROSSMAX	TWO	TWD	2	3600	-	TPEx	1	優盛
equity	4123	CENTER LAB.	TWO	TWD	2	3600	-	TPEx	6	晟德
equity	4126	PAHSCO	TWO	TWD	2	3600	-	TPEx	4	太醫
equity	4127	TLB	TWO	TWD	2	3600	-	TPEx	2	天良
equity	4128	MICROBIO	TWO	TWD	2	3600	-	TPEx	4	中天
equity	4129	UOC	TWO	TWD	2	3600	-	TPEx	4	聯合
equity	4131	NEOCORE	TWO	TWD	2	3600	-	TPEx	1	浩泰
equity	4133	ABNOVA	TW	TWD	2	3600	-	TWSE	1	亞諾法
equity	4137	CHLITINA-KY	TW	TWD	2	3600	-	TWSE	2	麗豐-KY
equity	4138	DMT	TWO	TWD	2	3600	-	TPEx	2	曜亞
equity	4139	KY M.K.	TWO	TWD	2	3600	-	TPEx	2	馬光-KY
equity	4142	ADIM	TW	TWD	2	3600	-	TWSE	3	國光生
equity	4147	TMB	TWO	TWD	2	3600	-	TPEx	5	中裕
equity	4148	ACBT	TW	TWD	2	3600	-	TWSE	1	全宇生技-KY
equity	4153	DIVA LABS.	TWO	TWD	2	3600	-	TPEx	2	鈺緯
equity	4154	RAKU-KY	TWO	TWD	2	3600	-	TPEx	1	樂威科-KY
equity	4155	OK BIOTECH	TW	TWD	2	3600	-	TWSE	1	訊映
equity	4157	TAIGEN	TWO	TWD	2	3600	-	TPEx	4	太景*-KY
equity	4160	GGA CORP.	TWO	TWD	2	3600	-	TPEx	1	訊聯基因
equity	4161	BIOPTIK	TWO	TWD	2	3600	-	TPEx	1	聿新科
equity	4162	PEI	TWO	TWD	2	3600	-	TPEx	4	智擎
equity	4163	INTAI	TWO	TWD	2	3600	-	TPEx	4	鐿鈦
equity	4164	CHC	TW	TWD	2	3600	-	TWSE	2	承業醫
equity	4166	OP	TWO	TWD	2	3600	-	TPEx	4	友霖
equity	4167	SLC	TWO	TWD	2	3600	-	TPEx	4	松瑞藥
equity	4168	GLYCONEX INC.	TWO	TWD	2	3600	-	TPEx	3	醣聯
equity	4169	TCM	TW	TWD	2	3600	-	TWSE	3	泰宗
equity	4171	GENEREACH	TWO	TWD	2	3600	-	TPEx	1	瑞基
equity	4173	ARICH	TWO	TWD	2	3600	-	TPEx	1	久裕
equity	4174	OBI	TWO	TWD	2	3600	-	TPEx	4	浩鼎
equity	4175	MEDFIRST	TWO	TWD	2	3600	-	TPEx	2	杏一
equity	4178	STEMCYTE	TW	TWD	2	3600	-	TWSE	2	永笙-KY
equity	4183	EPS BIO	TWO	TWD	2	3600	-	TPEx	1	福永生技
equity	4188	AMCAD	TWO	TWD	2	3600	-	TPEx	1	安克
equity	4190	JDS	TW	TWD	2	3600	-	TWSE	1	佐登-KY
equity	4192	SYNCORE	TWO	TWD	2	3600	-	TPEx	1	杏國
equity	4195	GENOMICS	TW	TWD	2	3600	-	TWSE	1	基米-創
equity	4198	S&S	TWO	TWD	2	3600	-	TPEx	1	欣大健康
equity	4205	CHUNG HWA	TWO	TWD	2	3600	-	TPEx	4	中華食
equity	4207	TFC	TWO	TWD	2	3600	-	TPEx	3	環泰
equity	4303	HSINLI	TWO	TWD	2	3600	-	TPEx	3	信立
equity	4304	SUNVIC	TWO	TWD	2	3600	-	TPEx	1	勝昱
equity	4305	SKP	TWO	TWD	2	3600	-	TPEx	-	世坤
equity	4306	YC	TW	TWD	2	3600	-	TWSE	3	炎洲
equity	4401	TLTM	TWO	TWD	2	3600	-	TPEx	2	東隆興
equity	4402	J.D DEVELOPMENT	TWO	TWD	2	3600	-	TPEx	1	郡都開發
equity	4406	HSIN-SIN	TWO	TWD	2	3600	-	TPEx	1	新昕纖
equity	4413	EST	TWO	TWD	2	3600	-	TPEx	1	飛寶企業
equity	4414	ROO HSING	TW	TWD	2	3600	-	TWSE	1	如興
equity	4416	SUMWON	TWO	TWD	2	3600	-	TPEx	1	三圓
equity	4417	KINGCHOU	TWO	TWD	2	3600	-	TPEx	3	金洲
equity	4419	KH	TWO	TWD	2	3600	-	TPEx	4	皇家美食
equity	4420	KWANG MING	TWO	TWD	2	3600	-	TPEx	2	光明
equity	4426	LI CHENG	TW	TWD	2	3600	-	TWSE	1	利勤
equity	4430	YAO I	TWO	TWD	2	3600	-	TPEx	1	耀億
equity	4432	HAKSPORT	TWO	TWD	2	3600	-	TPEx	1	銘旺實
equity	4433	SINGTEX	TWO	TWD	2	3600	-	TPEx	1	興采
equity	4438	QVE	TW	TWD	2	3600	-	TWSE	2	廣越
equity	4439	TST GROUP	TW	TWD	2	3600	-	TWSE	2	冠星-KY
equity	4440	YI SHIN	TW	TWD	2	3600	-	TWSE	1	宜新實業
equity	4441	GGF	TW	TWD	2	3600	-	TWSE	3	振大環球
equity	4442	J&B-KY	TWO	TWD	2	3600	-	TPEx	2	竣邦-KY
equity	4502	RT	TWO	TWD	2	3600	-	TPEx	1	健信
equity	4503	GOLD RAIN	TWO	TWD	2	3600	-	TPEx	2	金雨
equity	4506	GFC	TWO	TWD	2	3600	-	TPEx	6	崇友
equity	4510	KAFO	TWO	TWD	2	3600	-	TPEx	3	高鋒
equity	4513	FALCON	TWO	TWD	2	3600	-	TPEx	2	福裕
equity	4523	EVERBRITE	TWO	TWD	2	3600	-	TPEx	2	永彰
equity	4526	TONGTAI	TW	TWD	2	3600	-	TWSE	3	東台
equity	4527	KL	TWO	TWD	2	3600	-	TPEx	-	方土霖
equity	4528	CHF	TWO	TWD	2	3600	-	TPEx	1	江興鍛
equity	4529	EPTECH	TWO	TWD	2	3600	-	TPEx	1	淳紳
equity	4530	TWES	TWO	TWD	2	3600	-	TPEx	1	天意能創
equity	4532	RECHI	TW	TWD	2	3600	-	TWSE	3	瑞智
equity	4533	SEYI	TWO	TWD	2	3600	-	TPEx	3	協易機
equity	4534	TRINITY	TWO	TWD	2	3600	-	TPEx	3	慶騰
equity	4535	FBT	TWO	TWD	2	3600	-	TPEx	2	至興
equity	4536	TOPKEY	TW	TWD	2	3600	-	TWSE	3	拓凱
equity	4538	WINSON	TWO	TWD	2	3600	-	TPEx	1	大詠城
equity	4540	TBI MOTION	TW	TWD	2	3600	-	TWSE	2	全球傳動
equity	4541	MAGNATE	TWO	TWD	2	3600	-	TPEx	3	晟田
equity	4542	ANT	TWO	TWD	2	3600	-	TPEx	5	科嶠
equity	4543	MAN ZAI	TWO	TWD	2	3600	-	TPEx	2	萬在
equity	4545	MAP	TW	TWD	2	3600	-	TWSE	1	銘鈺
equity	4549	FINETEK	TWO	TWD	2	3600	-	TPEx	4	桓達
equity	4550	CJME	TWO	TWD	2	3600	-	TPEx	1	長佳
equity	4551	GLOBAL PMX	TW	TWD	2	3600	-	TWSE	4	智伸科
equity	4552	LIDA	TW	TWD	2	3600	-	TWSE	1	力達-KY
equity	4554	ORANGE	TWO	TWD	2	3600	-	TPEx	1	橙的
equity	4555	CHELIC	TW	TWD	2	3600	-	TWSE	1	氣立
equity	4556	BSI	TWO	TWD	2	3600	-	TPEx	4	旭然
equity	4557	YUSIN	TW	TWD	2	3600	-	TWSE	1	永新-KY
equity	4558	ALFORMER	TWO	TWD	2	3600	-	TPEx	1	寶緯
equity	4560	STRONG H	TW	TWD	2	3600	-	TWSE	1	強信-KY
equity	4561	KENTURN	TWO	TWD	2	3600	-	TPEx	2	健椿
equity	4562	YHT	TW	TWD	2	3600	-	TWSE	1	穎漢
equity	4563	QUASER	TWO	TWD	2	3600	-	TPEx	3	百德
equity	4564	MOSA	TW	TWD	2	3600	-	TWSE	2	元翎
equity	4566	GLOBAL TEK	TW	TWD	2	3600	-	TWSE	3	時碩工業
equity	4568	KOGE	TWO	TWD	2	3600	-	TPEx	1	科際精密
equity	4569	SIXXON	TW	TWD	2	3600	-	TWSE	2	六方科-KY
equity	4571	KHGEARS	TW	TWD	2	3600	-	TWSE	3	鈞興-KY
equity	4572	DPI	TW	TWD	2	3600	-	TWSE	2	駐龍
equity	4576	HMC	TW	TWD	2	3600	-	TWSE	4	大銀微系統
equity	4577	OFUNA TECH	TWO	TWD	2	3600	-	TPEx	3	達航科技
equity	4580	VALUE VALVES	TWO	TWD	2	3600	-	TPEx	3	捷流閥業
equity	4581	WKG	TW	TWD	2	3600	-	TWSE	1	光隆精密-KY
equity	4582	HENGS	TW	TWD	2	3600	-	TWSE	1	聚恆-創
equity	4583	APEXDYNA	TW	TWD	2	3600	-	TWSE	4	台灣精銳
equity	4584	JUFAN	TWO	TWD	2	3600	-	TPEx	-	君帆
equity	4585	TRI	TW	TWD	2	3600	-	TWSE	4	達明
equity	4588	ARCH METER	TW	TWD	2	3600	-	TWSE	1	玖鼎電力
equity	4590	FUKUTA	TW	TWD	2	3600	-	TWSE	2	富田-創
equity	4609	AIRLUX	TWO	TWD	2	3600	-	TPEx	1	唐鋒
equity	4702	ALLIED	TWO	TWD	2	3600	-	TPEx	1	中美實
equity	4706	TKC	TWO	TWD	2	3600	-	TPEx	3	大恭
equity	4707	PACC	TWO	TWD	2	3600	-	TPEx	5	磐亞
equity	4711	YONG SHUN	TWO	TWD	2	3600	-	TPEx	1	永純
equity	4714	UB	TWO	TWD	2	3600	-	TPEx	3	永捷
equity	4716	DAILY	TWO	TWD	2	3600	-	TPEx	2	大立
equity	4720	TEX YEAR	TW	TWD	2	3600	-	TWSE	1	德淵
equity	4721	MECHEMA	TWO	TWD	2	3600	-	TPEx	4	美琪瑪
equity	4722	QPC	TW	TWD	2	3600	-	TWSE	4	國精化
equity	4726	MYCENAX	TWO	TWD	2	3600	-	TPEx	3	永昕
equity	4728	SUNMAX	TWO	TWD	2	3600	-	TPEx	6	雙美
equity	4729	MILDEX	TWO	TWD	2	3600	-	TPEx	2	熒茂
equity	4735	AVITA	TWO	TWD	2	3600	-	TPEx	2	豪展
equity	4736	TAIDOC	TW	TWD	2	3600	-	TWSE	3	泰博
equity	4737	BIONIME	TW	TWD	2	3600	-	TWSE	2	華廣
equity	4739	COREMAX	TW	TWD	2	3600	-	TWSE	3	康普
equity	4741	JETBEST	TWO	TWD	2	3600	-	TPEx	2	泓瀚
equity	4743	ONENESS BIOTECH	TWO	TWD	2	3600	-	TPEx	6	合一
equity	4744	CVC	TWO	TWD	2	3600	-	TPEx	2	皇將
equity	4745	CMH	TWO	TWD	2	3600	-	TPEx	1	合富-KY
equity	4746	FRMSL	TW	TWD	2	3600	-	TWSE	2	台耀
equity	4747	JCP	TWO	TWD	2	3600	-	TPEx	2	強生*
equity	4749	AEMC	TWO	TWD	2	3600	-	TPEx	7	新應材
equity	4754	INCA	TWO	TWD	2	3600	-	TPEx	1	國碳科
equity	4755	SAN FU	TW	TWD	2	3600	-	TWSE	3	三福化
equity	4760	AMPLE	TWO	TWD	2	3600	-	TPEx	5	勤凱
equity	4763	ACE	TW	TWD	2	3600	-	TWSE	5	材料*-KY
equity	4764	DBC	TW	TWD	2	3600	-	TWSE	4	雙鍵
equity	4766	NAN PAO	TW	TWD	2	3600	-	TWSE	5	南寶
equity	4767	CHETAY	TWO	TWD	2	3600	-	TPEx	1	誠泰科技
equity	4768	INGENTEC	TWO	TWD	2	3600	-	TPEx	5	晶呈科技
equity	4770	ASC	TW	TWD	2	3600	-	TWSE	4	上品
equity	4771	VF	TW	TWD	2	3600	-	TWSE	3	望隼
equity	4772	TSC	TWO	TWD	2	3600	-	TPEx	6	台特化
equity	4804	DA LUE	TWO	TWD	2	3600	-	TPEx	-	大略-KY
equity	4806	KTCCE	TWO	TWD	2	3600	-	TPEx	1	桂田文創
equity	4807	RH	TW	TWD	2	3600	-	TWSE	1	日成-KY
equity	4903	UFOC	TWO	TWD	2	3600	-	TPEx	3	聯光通
equity	4904	FAR EASTONE	TW	TWD	2	3600	-	TWSE	6	遠傳
equity	4905	TAINET	TWO	TWD	2	3600	-	TPEx	3	台聯電
equity	4906	GEMTEK	TW	TWD	2	3600	-	TWSE	4	正文
equity	4907	FU YU PROPERTY	TWO	TWD	2	3600	-	TPEx	4	富宇
equity	4908	APAC	TWO	TWD	2	3600	-	TPEx	5	前鼎
equity	4909	NEE	TWO	TWD	2	3600	-	TPEx	3	新復興
equity	4911	G&E	TWO	TWD	2	3600	-	TPEx	2	德英
equity	4912	Lemtech-KY	TW	TWD	2	3600	-	TWSE	2	聯德控股-KY
equity	4915	PRIMAX	TW	TWD	2	3600	-	TWSE	4	致伸
equity	4916	PARPRO	TW	TWD	2	3600	-	TWSE	3	事欣科
equity	4919	NTC	TW	TWD	2	3600	-	TWSE	5	新唐
equity	4923	FORCE MOS	TWO	TWD	2	3600	-	TPEx	2	力士
equity	4924	HTM	TWO	TWD	2	3600	-	TPEx	1	欣厚-KY
equity	4927	APEX	TW	TWD	2	3600	-	TWSE	3	泰鼎-KY
equity	4930	STAR COMGISTIC	TW	TWD	2	3600	-	TWSE	1	燦星網
equity	4931	STL	TWO	TWD	2	3600	-	TPEx	5	新盛力
equity	4933	UBRIGHT	TWO	TWD	2	3600	-	TPEx	3	友輝
equity	4934	TAINERGY	TW	TWD	2	3600	-	TWSE	1	太極
equity	4935	GLT	TW	TWD	2	3600	-	TWSE	2	茂林-KY
equity	4938	PEGATRON	TW	TWD	2	3600	-	TWSE	6	和碩
equity	4939	AEM	TWO	TWD	2	3600	-	TPEx	4	亞電
equity	4942	CHIA CHANG	TW	TWD	2	3600	-	TWSE	2	嘉彰
equity	4943	CONCRAFT	TW	TWD	2	3600	-	TWSE	1	康控-KY
equity	4946	CAYENNE TECH	TWO	TWD	2	3600	-	TPEx	1	辣椒
equity	4949	WIN WIN	TW	TWD	2	3600	-	TWSE	2	有成精密
equity	4950	GWIC	TWO	TWD	2	3600	-	TPEx	-	金耘國際
equity	4951	FINTEK	TWO	TWD	2	3600	-	TPEx	3	精拓科
equity	4952	GENERALPLUS	TW	TWD	2	3600	-	TWSE	2	凌通
equity	4953	WITS	TWO	TWD	2	3600	-	TPEx	4	緯致
equity	4956	EPILEDS	TW	TWD	2	3600	-	TWSE	2	光鋐
equity	4958	ZDT	TW	TWD	2	3600	-	TWSE	7	臻鼎-KY
equity	4960	CMMT	TW	TWD	2	3600	-	TWSE	3	誠美材
equity	4961	FITIPOWER	TW	TWD	2	3600	-	TWSE	4	天鈺
equity	4966	PARADE	TWO	TWD	2	3600	-	TPEx	6	譜瑞-KY
equity	4967	TEAM	TW	TWD	2	3600	-	TWSE	4	十銓
equity	4968	RICHWAVE	TW	TWD	2	3600	-	TWSE	3	立積
equity	4971	IET	TWO	TWD	2	3600	-	TPEx	6	IET-KY
equity	4972	TONS	TWO	TWD	2	3600	-	TPEx	1	湯石照明
equity	4973	SILICON POWER	TWO	TWD	2	3600	-	TPEx	4	廣穎
equity	4974	ATII	TWO	TWD	2	3600	-	TPEx	4	亞泰
equity	4976	CALIN	TW	TWD	2	3600	-	TWSE	2	佳凌
equity	4977	PCL	TW	TWD	2	3600	-	TWSE	3	眾達-KY
equity	4979	LUXNET	TWO	TWD	2	3600	-	TPEx	7	華星光
equity	4989	LCYT	TW	TWD	2	3600	-	TWSE	3	榮科
equity	4991	GCS	TWO	TWD	2	3600	-	TPEx	6	環宇-KY
equity	4994	X-LEGEND	TW	TWD	2	3600	-	TWSE	2	傳奇
equity	4995	LITEMAX	TWO	TWD	2	3600	-	TPEx	2	晶達
equity	4999	SINHER	TW	TWD	2	3600	-	TWSE	1	鑫禾
equity	5007	SAN SHING	TW	TWD	2	3600	-	TWSE	3	三星
equity	5009	GMTC	TWO	TWD	2	3600	-	TPEx	5	榮剛
equity	5011	OFCO	TWO	TWD	2	3600	-	TPEx	2	久陽
equity	5013	NEW BEST	TWO	TWD	2	3600	-	TPEx	4	強新
equity	5014	CCI	TWO	TWD	2	3600	-	TPEx	2	建錩
equity	5015	RODEX	TWO	TWD	2	3600	-	TPEx	2	華祺
equity	5016	SONG HO	TWO	TWD	2	3600	-	TPEx	2	松和
equity	5201	KWAY	TWO	TWD	2	3600	-	TPEx	1	凱衛
equity	5202	NEWSOFT	TWO	TWD	2	3600	-	TPEx	1	力新
equity	5203	CYBERLINK	TW	TWD	2	3600	-	TWSE	2	訊連
equity	5205	TWGET	TWO	TWD	2	3600	-	TPEx	1	中茂
equity	5206	KUNYUE	TWO	TWD	2	3600	-	TPEx	3	坤悅
equity	5209	CTCI ASI	TWO	TWD	2	3600	-	TPEx	3	新鼎
equity	5210	APEX	TWO	TWD	2	3600	-	TPEx	2	寶碩
equity	5211	PEN POWER	TWO	TWD	2	3600	-	TPEx	1	蒙恬
equity	5212	HYWEB	TWO	TWD	2	3600	-	TPEx	2	凌網
equity	5213	YEASHIN	TWO	TWD	2	3600	-	TPEx	5	亞昕
equity	5215	KO JA	TW	TWD	2	3600	-	TWSE	1	科嘉-KY
equity	5220	HIGGSTEC	TWO	TWD	2	3600	-	TPEx	1	萬達光電
equity	5222	TRANSCOM	TW	TWD	2	3600	-	TWSE	3	全訊
equity	5223	ANLI	TWO	TWD	2	3600	-	TPEx	1	安力-KY
equity	5225	EASTECH	TW	TWD	2	3600	-	TWSE	2	東科-KY
equity	5227	ALEEES	TWO	TWD	2	3600	-	TPEx	3	立凱-KY
equity	5228	MAX ECHO	TWO	TWD	2	3600	-	TPEx	2	鈺鎧
equity	5230	LEDLINK	TWO	TWD	2	3600	-	TPEx	1	雷笛克光學
equity	5234	DAXIN	TW	TWD	2	3600	-	TWSE	4	達興材料
equity	5236	SUNPLUSIT	TW	TWD	2	3600	-	TWSE	3	凌陽創新
equity	5243	ESON	TW	TWD	2	3600	-	TWSE	3	乙盛-KY
equity	5244	BRIGHTEK	TW	TWD	2	3600	-	TWSE	1	弘凱
equity	5245	WSI	TWO	TWD	2	3600	-	TPEx	1	智晶
equity	5251	JSW	TWO	TWD	2	3600	-	TPEx	1	天鉞電
equity	5258	CASTLES	TW	TWD	2	3600	-	TWSE	2	虹堡
equity	5263	BROGENT	TWO	TWD	2	3600	-	TPEx	4	智崴
equity	5269	ASMEDIA	TW	TWD	2	3600	-	TWSE	5	祥碩
equity	5272	AMICCOM	TWO	TWD	2	3600	-	TPEx	1	笙科
equity	5274	ASPEED	TWO	TWD	2	3600	-	TPEx	9	信驊
equity	5276	DA HUI	TWO	TWD	2	3600	-	TPEx	1	達輝-KY
equity	5278	SUNFUN	TWO	TWD	2	3600	-	TPEx	4	尚凡*
equity	5283	HERAN	TW	TWD	2	3600	-	TWSE	2	禾聯碩
equity	5284	JPP	TW	TWD	2	3600	-	TWSE	3	jpp-KY
equity	5285	JIH LIN	TW	TWD	2	3600	-	TWSE	3	界霖
equity	5287	ADDCN	TWO	TWD	2	3600	-	TPEx	4	數字
equity	5288	EUROCHARM	TW	TWD	2	3600	-	TWSE	3	豐祥-KY
equity	5289	INNODISK	TWO	TWD	2	3600	-	TPEx	7	宜鼎
equity	5291	EISO	TWO	TWD	2	3600	-	TPEx	3	邑昇
equity	5292	DTECH	TW	TWD	2	3600	-	TWSE	3	華懋
equity	5299	EMC	TWO	TWD	2	3600	-	TPEx	4	杰力
equity	5301	CJW	TWO	TWD	2	3600	-	TPEx	-	寶得利
equity	5302	STK	TWO	TWD	2	3600	-	TPEx	2	太欣
equity	5306	KMC	TW	TWD	2	3600	-	TWSE	3	桂盟
equity	5309	SG	TWO	TWD	2	3600	-	TPEx	5	系統電
equity	5310	CGS	TWO	TWD	2	3600	-	TPEx	1	天剛
equity	5312	FORMOSA	TWO	TWD	2	3600	-	TPEx	4	寶島科
equity	5314	MYSON	TWO	TWD	2	3600	-	TPEx	4	世紀*
equity	5315	U.R.T.	TWO	TWD	2	3600	-	TPEx	2	光聯
equity	5321	U.R.	TWO	TWD	2	3600	-	TPEx	3	美而快
equity	5324	SDC	TWO	TWD	2	3600	-	TPEx	3	士開
equity	5328	HJC	TWO	TWD	2	3600	-	TPEx	5	華容
equity	5340	BAOTEK	TWO	TWD	2	3600	-	TPEx	5	建榮
equity	5344	VATE	TWO	TWD	2	3600	-	TPEx	1	立衛
equity	5345	FULLHOME	TWO	TWD	2	3600	-	TPEx	1	馥鴻
equity	5347	VIS	TWO	TWD	2	3600	-	TPEx	8	世界
equity	5348	EMT	TWO	TWD	2	3600	-	TPEx	1	正能量智能
equity	5351	ETRON	TWO	TWD	2	3600	-	TPEx	6	鈺創
equity	5353	TAILYN	TWO	TWD	2	3600	-	TPEx	2	台林
equity	5355	PSC	TWO	TWD	2	3600	-	TPEx	1	佳總
equity	5356	SIRTEC	TWO	TWD	2	3600	-	TPEx	3	協益
equity	5364	LEALEA HOTELS	TWO	TWD	2	3600	-	TPEx	1	力麗店
equity	5381	SPE	TWO	TWD	2	3600	-	TPEx	3	光譜
equity	5386	ALBATRON	TWO	TWD	2	3600	-	TPEx	5	青雲
equity	5388	SERCOMM	TW	TWD	2	3600	-	TWSE	4	中磊
equity	5392	ABICO AVY	TWO	TWD	2	3600	-	TPEx	4	能率
equity	5398	MEDIERA	TWO	TWD	2	3600	-	TPEx	1	慕康生醫
equity	5403	DDSC	TWO	TWD	2	3600	-	TPEx	4	中菲
equity	5410	LEO	TWO	TWD	2	3600	-	TPEx	3	國眾
equity	5425	TSC	TWO	TWD	2	3600	-	TPEx	6	台半
equity	5426	CF	TWO	TWD	2	3600	-	TPEx	3	振發
equity	5432	SOLOMON DATA	TWO	TWD	2	3600	-	TPEx	3	新門
equity	5434	TOPCO	TW	TWD	2	3600	-	TWSE	5	崇越
equity	5438	TIS	TWO	TWD	2	3600	-	TPEx	2	東友
equity	5439	FHT	TWO	TWD	2	3600	-	TPEx	6	高技
equity	5443	GPM	TWO	TWD	2	3600	-	TPEx	5	均豪
equity	5450	NAMLIONG	TWO	TWD	2	3600	-	TPEx	2	南良
equity	5452	UNIC	TWO	TWD	2	3600	-	TPEx	3	佶優
equity	5455	SY	TWO	TWD	2	3600	-	TPEx	2	昇益
equity	5457	SPEED TECH	TWO	TWD	2	3600	-	TPEx	3	宣德
equity	5460	MUSTANG	TWO	TWD	2	3600	-	TPEx	1	同協
equity	5464	LIN HORN	TWO	TWD	2	3600	-	TPEx	4	霖宏
equity	5465	LFE	TWO	TWD	2	3600	-	TPEx	3	富驊
equity	5468	TMTECH	TWO	TWD	2	3600	-	TPEx	2	凱鈺
equity	5469	HSB	TW	TWD	2	3600	-	TWSE	4	瀚宇博
equity	5471	SONIX	TW	TWD	2	3600	-	TWSE	3	松翰
equity	5474	YUAN	TWO	TWD	2	3600	-	TPEx	4	聰泰
equity	5475	GLOTECH	TWO	TWD	2	3600	-	TPEx	6	德宏
equity	5478	SOFT-WORLD	TWO	TWD	2	3600	-	TPEx	5	智冠
equity	5481	SINOTACT	TWO	TWD	2	3600	-	TPEx	2	新華
equity	5483	SAS	TWO	TWD	2	3600	-	TPEx	7	中美晶
equity	5484	EVERFOCUS	TW	TWD	2	3600	-	TWSE	1	慧友
equity	5487	TONTEK	TWO	TWD	2	3600	-	TPEx	1	通泰
equity	5488	SP	TWO	TWD	2	3600	-	TPEx	1	松普
equity	5489	DYNACOLOR	TWO	TWD	2	3600	-	TPEx	3	彩富
equity	5490	XAC	TWO	TWD	2	3600	-	TPEx	2	同亨
equity	5493	SAN LIEN	TWO	TWD	2	3600	-	TPEx	3	三聯
equity	5498	KEY WARE	TWO	TWD	2	3600	-	TPEx	5	凱崴
equity	5508	YCDC	TWO	TWD	2	3600	-	TPEx	5	永信建
equity	5511	TE CHANG	TWO	TWD	2	3600	-	TPEx	4	德昌
equity	5512	RICH	TWO	TWD	2	3600	-	TPEx	4	力麒
equity	5514	SUN FON	TWO	TWD	2	3600	-	TPEx	-	三豐
equity	5515	CHIEN KUO	TW	TWD	2	3600	-	TWSE	3	建國
equity	5516	SUN-SEA	TWO	TWD	2	3600	-	TPEx	1	雙喜
equity	5519	LD	TW	TWD	2	3600	-	TWSE	2	隆大
equity	5520	LIHTAI	TWO	TWD	2	3600	-	TPEx	3	力泰
equity	5521	KSECO	TW	TWD	2	3600	-	TWSE	2	工信
equity	5522	FARGLORY	TW	TWD	2	3600	-	TWSE	5	遠雄
equity	5523	FONG CHIEN	TWO	TWD	2	3600	-	TPEx	3	豐謙
equity	5525	SWEETEN	TW	TWD	2	3600	-	TWSE	2	順天
equity	5529	MEGA	TWO	TWD	2	3600	-	TPEx	3	鉅陞
equity	5530	LUNG YEN	TWO	TWD	2	3600	-	TPEx	6	龍巖
equity	5531	SHINING	TW	TWD	2	3600	-	TWSE	2	鄉林
equity	5533	FOUNDING	TW	TWD	2	3600	-	TWSE	2	皇鼎
equity	5534	CHONG HONG	TW	TWD	2	3600	-	TWSE	4	長虹
equity	5536	ACTER	TWO	TWD	2	3600	-	TPEx	7	聖暉*
equity	5538	TONG MING	TW	TWD	2	3600	-	TWSE	2	東明-KY
equity	5543	BUIMA	TWO	TWD	2	3600	-	TPEx	1	桓鼎-KY
equity	5546	YGI	TW	TWD	2	3600	-	TWSE	1	永固-KY
equity	5547	JIOUSHUN	TWO	TWD	2	3600	-	TPEx	1	久舜
equity	5548	ANCANG	TWO	TWD	2	3600	-	TPEx	1	安倉
equity	5601	TACT	TWO	TWD	2	3600	-	TPEx	-	台聯櫃
equity	5603	SEA&LAND	TWO	TWD	2	3600	-	TPEx	2	陸海
equity	5604	CLTC	TWO	TWD	2	3600	-	TPEx	3	中連
equity	5607	FARGLORY FTZ	TW	TWD	2	3600	-	TWSE	4	遠雄港
equity	5608	S. W.	TW	TWD	2	3600	-	TWSE	2	四維航
equity	5609	DIMERCO	TWO	TWD	2	3600	-	TPEx	5	中菲行
equity	5701	JFS	TWO	TWD	2	3600	-	TPEx	1	劍湖山
equity	5703	LANDIS TAIPEI	TWO	TWD	2	3600	-	TPEx	1	亞都
equity	5704	CHIHPEN ROYAL	TWO	TWD	2	3600	-	TPEx	1	老爺知
equity	5706	PHX TOUR	TW	TWD	2	3600	-	TWSE	2	鳳凰
equity	5864	CIS	TWO	TWD	2	3600	-	TPEx	6	致和證
equity	5871	CHAILEASE	TW	TWD	2	3600	-	TWSE	6	中租-KY
equity	5876	SCSB	TW	TWD	2	3600	-	TWSE	6	上海商銀
equity	5878	TABC	TWO	TWD	2	3600	-	TPEx	1	台名
equity	5880	TCFHC	TW	TWD	2	3600	-	TWSE	6	合庫金
equity	5902	TAIT	TWO	TWD	2	3600	-	TPEx	3	德記
equity	5903	FAMILYMART	TWO	TWD	2	3600	-	TPEx	6	全家
equity	5904	POYA	TWO	TWD	2	3600	-	TPEx	7	寶雅*
equity	5905	NRL	TWO	TWD	2	3600	-	TPEx	2	南仁湖
equity	5906	TAINAN CAYMAN	TW	TWD	2	3600	-	TWSE	1	台南-KY
equity	5907	GORG	TW	TWD	2	3600	-	TWSE	1	大洋-KY
equity	6005	CSC	TW	TWD	2	3600	-	TWSE	5	群益證
equity	6015	HORIZON SEC.	TWO	TWD	2	3600	-	TPEx	4	宏遠證
equity	6016	CONCORDS	TWO	TWD	2	3600	-	TPEx	5	康和證
equity	6020	TACHAN	TWO	TWD	2	3600	-	TPEx	4	大展證
equity	6021	GOOD FINANCE	TWO	TWD	2	3600	-	TPEx	5	美好證
equity	6023	YUANTA FUTURES	TWO	TWD	2	3600	-	TPEx	6	元大期
equity	6024	CFC	TW	TWD	2	3600	-	TWSE	3	群益期
equity	6026	GFS	TWO	TWD	2	3600	-	TPEx	4	福邦證
equity	6028	GIBC	TWO	TWD	2	3600	-	TPEx	2	公勝保經
equity	6101	KIC	TWO	TWD	2	3600	-	TPEx	3	寬魚國際
equity	6103	AVID	TWO	TWD	2	3600	-	TPEx	1	合邦
equity	6104	GLI	TWO	TWD	2	3600	-	TPEx	4	創惟
equity	6108	APCB INC.	TW	TWD	2	3600	-	TWSE	1	競國
equity	6109	ATECHOEM	TWO	TWD	2	3600	-	TPEx	1	亞元
equity	6111	SFG	TWO	TWD	2	3600	-	TPEx	3	光聚晶電
equity	6112	METAAGE	TW	TWD	2	3600	-	TWSE	3	邁達特
equity	6113	ASEC	TWO	TWD	2	3600	-	TPEx	1	亞矽
equity	6114	JUIC	TWO	TWD	2	3600	-	TPEx	1	久威
equity	6115	I-SHENG	TW	TWD	2	3600	-	TWSE	3	鎰勝
equity	6116	HANNSTAR	TW	TWD	2	3600	-	TWSE	5	彩晶
equity	6117	IN WIN	TW	TWD	2	3600	-	TWSE	2	迎廣
equity	6118	XANDER	TWO	TWD	2	3600	-	TPEx	2	建達
equity	6120	DARWIN	TW	TWD	2	3600	-	TWSE	3	達運
equity	6121	SMP	TWO	TWD	2	3600	-	TPEx	6	新普
equity	6122	KPEC	TWO	TWD	2	3600	-	TPEx	3	擎邦
equity	6123	GRANDTECH	TWO	TWD	2	3600	-	TPEx	3	上奇
equity	6124	YCTC	TWO	TWD	2	3600	-	TPEx	3	業強
equity	6125	KENMEC	TWO	TWD	2	3600	-	TPEx	5	廣運
equity	6126	SINGATRON	TWO	TWD	2	3600	-	TPEx	3	信音
equity	6127	LEATEC	TWO	TWD	2	3600	-	TPEx	4	九豪
equity	6128	GPI	TW	TWD	2	3600	-	TWSE	1	上福
equity	6129	PTC	TWO	TWD	2	3600	-	TPEx	2	普誠
equity	6130	SHANGYA	TWO	TWD	2	3600	-	TPEx	1	上亞科技
equity	6133	GBE	TW	TWD	2	3600	-	TWSE	2	金橋
equity	6134	WANSHIH	TWO	TWD	2	3600	-	TPEx	2	萬旭
equity	6136	FTC	TW	TWD	2	3600	-	TWSE	1	富爾特
equity	6138	ANPEC	TWO	TWD	2	3600	-	TPEx	6	茂達
equity	6139	L & K	TW	TWD	2	3600	-	TWSE	6	亞翔
equity	6140	DIMENSION	TWO	TWD	2	3600	-	TPEx	1	訊達
equity	6141	PLOTECH	TW	TWD	2	3600	-	TWSE	2	柏承
equity	6142	CAMEO	TW	TWD	2	3600	-	TWSE	1	友勁
equity	6143	NETRONIX,INC.	TWO	TWD	2	3600	-	TPEx	4	振曜
equity	6144	DMT	TWO	TWD	2	3600	-	TPEx	1	得利影
equity	6146	SPORTON	TWO	TWD	2	3600	-	TPEx	5	耕興
equity	6147	CHIPBOND	TWO	TWD	2	3600	-	TPEx	8	頎邦
equity	6148	AZION	TWO	TWD	2	3600	-	TPEx	2	驊宏資
equity	6150	TUL	TWO	TWD	2	3600	-	TPEx	3	撼訊
equity	6151	GINAR	TWO	TWD	2	3600	-	TPEx	2	晉倫
equity	6152	PRIME	TW	TWD	2	3600	-	TWSE	1	百一
equity	6153	CAREER TECH.	TW	TWD	2	3600	-	TWSE	3	嘉聯益
equity	6154	SUNFAR	TWO	TWD	2	3600	-	TPEx	1	順發
equity	6155	KC	TW	TWD	2	3600	-	TWSE	2	鈞寶
equity	6156	SONG SHANG	TWO	TWD	2	3600	-	TPEx	2	松上
equity	6158	P-TWO	TWO	TWD	2	3600	-	TPEx	1	禾昌
equity	6160	CIPHERLAB	TWO	TWD	2	3600	-	TPEx	1	欣技
equity	6161	JETWAY	TWO	TWD	2	3600	-	TPEx	3	捷波
equity	6163	HWACOM	TWO	TWD	2	3600	-	TPEx	4	華電網
equity	6164	LEDTECH	TW	TWD	2	3600	-	TWSE	1	華興
equity	6165	LANG	TW	TWD	2	3600	-	TWSE	2	浪凡
equity	6166	ADLINK	TW	TWD	2	3600	-	TWSE	4	凌華
equity	6167	POWERTIP	TWO	TWD	2	3600	-	TPEx	2	久正
equity	6168	HARVATEK CORPOR	TW	TWD	2	3600	-	TWSE	3	宏齊
equity	6169	INTERSERV	TWO	TWD	2	3600	-	TPEx	-	昱泉
equity	6170	WELLDONE	TWO	TWD	2	3600	-	TPEx	3	統振
equity	6171	TACHENG	TWO	TWD	2	3600	-	TPEx	2	大城地產
equity	6173	P.D.C.	TWO	TWD	2	3600	-	TPEx	6	信昌電
equity	6174	AKER	TWO	TWD	2	3600	-	TPEx	3	安碁
equity	6175	LITON	TWO	TWD	2	3600	-	TPEx	5	立敦
equity	6176	ROEC	TW	TWD	2	3600	-	TWSE	4	瑞儀
equity	6177	DA-LI CO.,LTD.	TW	TWD	2	3600	-	TWSE	4	達麗
equity	6179	ATE ENERGY	TWO	TWD	2	3600	-	TPEx	4	亞通
equity	6180	GAMANIA	TWO	TWD	2	3600	-	TPEx	4	橘子
equity	6182	WAFER WORKS	TWO	TWD	2	3600	-	TPEx	7	合晶
equity	6183	TRADE-VAN	TW	TWD	2	3600	-	TWSE	3	關貿
equity	6184	DAFENG TV LTD.	TW	TWD	2	3600	-	TWSE	2	大豐電
equity	6185	PLASTRON	TWO	TWD	2	3600	-	TPEx	2	幃翔
equity	6186	SHIN RUENN	TWO	TWD	2	3600	-	TPEx	4	新潤
equity	6187	ALL RING	TWO	TWD	2	3600	-	TPEx	8	萬潤
equity	6188	QSI	TWO	TWD	2	3600	-	TPEx	5	廣明
equity	6189	PROMATE	TW	TWD	2	3600	-	TWSE	3	豐藝
equity	6190	WONDERFUL	TWO	TWD	2	3600	-	TPEx	5	萬泰科
equity	6191	GBM	TW	TWD	2	3600	-	TWSE	5	精成科
equity	6192	LUMAX	TW	TWD	2	3600	-	TWSE	3	巨路
equity	6194	YUFO	TWO	TWD	2	3600	-	TPEx	2	育富
equity	6195	SCAN-D	TWO	TWD	2	3600	-	TPEx	2	詩肯
equity	6196	MIC	TW	TWD	2	3600	-	TWSE	6	帆宣
equity	6197	JPC	TW	TWD	2	3600	-	TWSE	5	佳必琪
equity	6198	RICH CIRCLE	TWO	TWD	2	3600	-	TPEx	3	瑞築
equity	6199	TIENPIN	TWO	TWD	2	3600	-	TPEx	4	天品
equity	6201	YAHORNG	TW	TWD	2	3600	-	TWSE	2	亞弘電
equity	6202	HOLTEK	TW	TWD	2	3600	-	TWSE	3	盛群
equity	6203	SEA SONIC	TWO	TWD	2	3600	-	TPEx	3	海韻電
equity	6204	ALPHA	TWO	TWD	2	3600	-	TPEx	3	艾華
equity	6205	COXOC	TW	TWD	2	3600	-	TWSE	2	詮欣
equity	6206	FLYTECH	TW	TWD	2	3600	-	TWSE	4	飛捷
equity	6207	LASER TEK	TWO	TWD	2	3600	-	TPEx	5	雷科
equity	6208	HTC	TWO	TWD	2	3600	-	TPEx	4	日揚
equity	6209	KINKO	TW	TWD	2	3600	-	TWSE	3	今國光
equity	6210	KINTECH	TWO	TWD	2	3600	-	TPEx	1	慶生
equity	6212	LI MING	TWO	TWD	2	3600	-	TPEx	3	理銘
equity	6213	ITEQ	TW	TWD	2	3600	-	TWSE	6	聯茂
equity	6214	SYSTEX	TW	TWD	2	3600	-	TWSE	5	精誠
equity	6215	AUROTEK	TW	TWD	2	3600	-	TWSE	3	和椿
equity	6216	DRAYTEK CORP.	TW	TWD	2	3600	-	TWSE	1	居易
equity	6217	C.C.P.	TWO	TWD	2	3600	-	TPEx	6	中探針
equity	6218	HAUMAN	TWO	TWD	2	3600	-	TPEx	3	豪勉
equity	6219	FULL WANG	TWO	TWD	2	3600	-	TPEx	2	富旺
equity	6220	YFC-BONEAGLE	TWO	TWD	2	3600	-	TPEx	3	岳豐
equity	6221	GENESIS	TWO	TWD	2	3600	-	TPEx	4	晉泰
equity	6222	LI HSUAN	TWO	TWD	2	3600	-	TPEx	2	立軒
equity	6223	MPI	TWO	TWD	2	3600	-	TPEx	9	旺矽
equity	6224	PTTC.	TW	TWD	2	3600	-	TWSE	2	聚鼎
equity	6225	AIPLEX	TW	TWD	2	3600	-	TWSE	1	天瀚
equity	6226	PARA LIGHT	TW	TWD	2	3600	-	TWSE	2	光鼎
equity	6227	MACNICA GALAXY	TWO	TWD	2	3600	-	TPEx	5	茂綸
equity	6228	PIE	TWO	TWD	2	3600	-	TPEx	1	全譜
equity	6229	V-TAC	TWO	TWD	2	3600	-	TPEx	1	研通
equity	6230	NCCI	TW	TWD	2	3600	-	TWSE	3	尼得科超眾
equity	6231	INSYDE	TWO	TWD	2	3600	-	TPEx	5	系微
equity	6233	PROLIFIC	TWO	TWD	2	3600	-	TPEx	2	旺玖
equity	6234	TERA AUTO	TWO	TWD	2	3600	-	TPEx	3	高僑
equity	6235	WAFFER	TW	TWD	2	3600	-	TWSE	3	華孚
equity	6236	NEITH CORP.	TWO	TWD	2	3600	-	TPEx	-	中湛
equity	6237	CMEI	TWO	TWD	2	3600	-	TPEx	3	驊訊
equity	6239	PTI	TW	TWD	2	3600	-	TWSE	6	力成
equity	6240	SUNG GANG	TWO	TWD	2	3600	-	TPEx	1	松崗
equity	6241	AMIGO	TWO	TWD	2	3600	-	TPEx	1	鑫永洋
equity	6242	LI KANG	TWO	TWD	2	3600	-	TPEx	1	立康
equity	6243	ENE	TW	TWD	2	3600	-	TWSE	1	迅杰
equity	6244	MOTECH	TWO	TWD	2	3600	-	TPEx	4	茂迪
equity	6245	LANNER	TWO	TWD	2	3600	-	TPEx	5	立端
equity	6246	TTFIC	TWO	TWD	2	3600	-	TPEx	1	臺龍
equity	6248	TMP	TWO	TWD	2	3600	-	TPEx	2	沛波
equity	6257	SIGURD	TW	TWD	2	3600	-	TWSE	5	矽格
equity	6259	BULLWILL	TWO	TWD	2	3600	-	TPEx	1	百徽
equity	6261	YTEC	TWO	TWD	2	3600	-	TPEx	5	久元
equity	6263	PLANET	TWO	TWD	2	3600	-	TPEx	5	普萊德
equity	6264	KL	TWO	TWD	2	3600	-	TPEx	1	富裔
equity	6265	KCU	TWO	TWD	2	3600	-	TPEx	4	方土昶
equity	6266	TOP UNION	TWO	TWD	2	3600	-	TPEx	3	泰詠
equity	6269	FLEXIUM	TW	TWD	2	3600	-	TWSE	4	台郡
equity	6270	PCT	TWO	TWD	2	3600	-	TPEx	2	倍微
equity	6271	THEIL	TW	TWD	2	3600	-	TWSE	5	同欣電
equity	6272	WIESON	TW	TWD	2	3600	-	TWSE	1	驊陞
equity	6274	TUC	TWO	TWD	2	3600	-	TPEx	9	台燿
equity	6275	Y.S.TECH	TWO	TWD	2	3600	-	TPEx	3	元山
equity	6276	ANTEC	TWO	TWD	2	3600	-	TPEx	1	安鈦克
equity	6277	ATEN	TW	TWD	2	3600	-	TWSE	3	宏正
equity	6278	TSMT	TW	TWD	2	3600	-	TWSE	5	台表科
equity	6279	HU LANE	TWO	TWD	2	3600	-	TPEx	5	胡連
equity	6281	E-LIFE	TW	TWD	2	3600	-	TWSE	2	全國電
equity	6282	ACBEL	TW	TWD	2	3600	-	TWSE	4	康舒
equity	6283	SOE	TW	TWD	2	3600	-	TWSE	1	淳安
equity	6284	INPAQ	TWO	TWD	2	3600	-	TPEx	5	佳邦
equity	6285	WNC	TW	TWD	2	3600	-	TWSE	5	啟碁
equity	6290	LONGWELL	TWO	TWD	2	3600	-	TPEx	6	良維
equity	6291	AIC	TWO	TWD	2	3600	-	TPEx	6	沛亨
equity	6292	AXIS	TWO	TWD	2	3600	-	TPEx	3	迅德
equity	6294	TEKOM	TWO	TWD	2	3600	-	TPEx	1	智基
equity	6405	ONANO	TW	TWD	2	3600	-	TWSE	1	悅城
equity	6409	VOLTRONIC	TW	TWD	2	3600	-	TWSE	5	旭隼
equity	6411	AMAZING	TWO	TWD	2	3600	-	TPEx	4	晶焱
equity	6412	CHICONY POWER	TW	TWD	2	3600	-	TWSE	4	群電
equity	6414	ENNOCONN	TW	TWD	2	3600	-	TWSE	5	樺漢
equity	6415	SILERGY	TW	TWD	2	3600	-	TWSE	6	矽力*-KY
equity	6416	CASWELL	TW	TWD	2	3600	-	TWSE	3	瑞祺電通
equity	6417	SAG	TWO	TWD	2	3600	-	TPEx	3	韋僑
equity	6418	Y-S ELEC.	TWO	TWD	2	3600	-	TPEx	1	詠昇
equity	6419	NUUO	TWO	TWD	2	3600	-	TPEx	2	京晨科
equity	6423	YMC	TWO	TWD	2	3600	-	TPEx	3	億而得
equity	6425	EFC	TWO	TWD	2	3600	-	TPEx	3	易發
equity	6426	APOGEE	TW	TWD	2	3600	-	TWSE	3	統新
equity	6431	KL	TW	TWD	2	3600	-	TWSE	1	光麗-KY
equity	6432	ARLITECH	TWO	TWD	2	3600	-	TPEx	3	今展科
equity	6435	SINOPOWER	TWO	TWD	2	3600	-	TPEx	5	大中
equity	6438	SAA	TW	TWD	2	3600	-	TWSE	3	迅得
equity	6441	IBS	TWO	TWD	2	3600	-	TPEx	2	廣錠
equity	6442	EZCONN	TW	TWD	2	3600	-	TWSE	6	光聖
equity	6443	TSEC	TW	TWD	2	3600	-	TWSE	3	元晶
equity	6446	PEC	TW	TWD	2	3600	-	TWSE	6	藥華藥
equity	6449	APAQ	TW	TWD	2	3600	-	TWSE	4	鈺邦
equity	6451	SHUNSIN	TW	TWD	2	3600	-	TWSE	5	訊芯-KY
equity	6456	GIS	TW	TWD	2	3600	-	TWSE	4	GIS-KY
equity	6461	INTECH	TWO	TWD	2	3600	-	TPEx	3	益得
equity	6462	EGIS	TWO	TWD	2	3600	-	TPEx	4	神盾
equity	6464	TOP MSO	TW	TWD	2	3600	-	TWSE	3	台數科
equity	6465	ATRACK	TWO	TWD	2	3600	-	TPEx	2	威潤
equity	6469	GREAT TREE	TWO	TWD	2	3600	-	TPEx	5	大樹
equity	6470	U-MEDIA	TWO	TWD	2	3600	-	TPEx	2	宇智
equity	6472	BORA	TW	TWD	2	3600	-	TWSE	5	保瑞
equity	6474	WFE	TWO	TWD	2	3600	-	TPEx	2	華豫寧
equity	6477	ANJI	TW	TWD	2	3600	-	TWSE	2	安集
equity	6482	FUN YOURS	TWO	TWD	2	3600	-	TPEx	1	弘煜科
equity	6485	ASOLID	TWO	TWD	2	3600	-	TPEx	3	點序
equity	6486	IDT	TWO	TWD	2	3600	-	TPEx	3	互動
equity	6488	GWC	TWO	TWD	2	3600	-	TPEx	9	環球晶
equity	6491	PEGAVISION	TW	TWD	2	3600	-	TWSE	4	晶碩
equity	6492	SH	TWO	TWD	2	3600	-	TPEx	3	生華科
equity	6494	NYQUEST	TWO	TWD	2	3600	-	TPEx	2	九齊
equity	6496	EXCELSIOR	TWO	TWD	2	3600	-	TPEx	1	科懋
equity	6498	PTIC	TWO	TWD	2	3600	-	TPEx	3	久禾光
equity	6499	MEDEON	TWO	TWD	2	3600	-	TPEx	4	益安
equity	6504	NAN LIU	TW	TWD	2	3600	-	TWSE	1	南六
equity	6505	FPCC	TW	TWD	2	3600	-	TWSE	7	台塑化
equity	6506	SBI	TWO	TWD	2	3600	-	TPEx	2	雙邦
equity	6508	HKC	TWO	TWD	2	3600	-	TPEx	2	惠光
equity	6509	HOPAX	TWO	TWD	2	3600	-	TPEx	4	聚和
equity	6510	CHPT	TWO	TWD	2	3600	-	TPEx	7	精測
equity	6512	GOMAX	TWO	TWD	2	3600	-	TPEx	1	啟發電
equity	6515	WINWAY	TW	TWD	2	3600	-	TWSE	6	穎崴
equity	6516	KINGWAY	TWO	TWD	2	3600	-	TPEx	3	勤崴國際
equity	6517	BASO	TWO	TWD	2	3600	-	TPEx	2	保勝光學
equity	6523	DR.WU	TWO	TWD	2	3600	-	TPEx	3	達爾膚
equity	6525	GEM	TW	TWD	2	3600	-	TWSE	4	捷敏-KY
equity	6526	AIROHA	TW	TWD	2	3600	-	TWSE	6	達發
equity	6527	CRYSTALVUE	TWO	TWD	2	3600	-	TPEx	2	明達醫
equity	6530	AXCEN	TWO	TWD	2	3600	-	TPEx	3	創威
equity	6531	AP MEMORY	TW	TWD	2	3600	-	TWSE	6	愛普*
equity	6532	CT	TWO	TWD	2	3600	-	TPEx	3	瑞耘
equity	6533	ANDES	TW	TWD	2	3600	-	TWSE	4	晶心科
equity	6534	CHBIO	TW	TWD	2	3600	-	TWSE	3	正瀚-創
equity	6535	LUMOSA	TWO	TWD	2	3600	-	TPEx	5	順藥
equity	6538	BRAVE SCREEN	TWO	TWD	2	3600	-	TPEx	5	倉和
equity	6541	TANVEX	TW	TWD	2	3600	-	TWSE	3	泰福-KY
equity	6542	GAMESPARCS	TWO	TWD	2	3600	-	TPEx	2	隆中
equity	6546	AMPAK	TWO	TWD	2	3600	-	TPEx	3	正基
equity	6547	MVC	TWO	TWD	2	3600	-	TPEx	6	高端疫苗
equity	6548	CWTC	TWO	TWD	2	3600	-	TPEx	7	長科*
equity	6550	PG	TW	TWD	2	3600	-	TWSE	3	北極星藥業-KY
equity	6552	JMC	TW	TWD	2	3600	-	TWSE	1	易華電
equity	6556	TOPVIEW	TWO	TWD	2	3600	-	TPEx	2	勝品
equity	6558	SYNERGY	TW	TWD	2	3600	-	TWSE	1	興能高
equity	6560	APPROPHO	TWO	TWD	2	3600	-	TPEx	1	欣普羅
equity	6561	CHIEF	TWO	TWD	2	3600	-	TPEx	6	是方
equity	6568	RAFAEL MICRO	TWO	TWD	2	3600	-	TPEx	3	宏觀
equity	6569	ONYX	TWO	TWD	2	3600	-	TPEx	3	醫揚
equity	6570	APLEX	TWO	TWD	2	3600	-	TPEx	2	維田
equity	6573	HY	TW	TWD	2	3600	-	TWSE	1	虹揚-KY
equity	6574	MIKOBEAUTE	TWO	TWD	2	3600	-	TPEx	3	霈方
equity	6576	FORESEE	TWO	TWD	2	3600	-	TPEx	5	逸達
equity	6577	PSC	TWO	TWD	2	3600	-	TPEx	3	勁豐
equity	6578	DABOMB	TWO	TWD	2	3600	-	TPEx	1	達邦蛋白
equity	6579	AAEON	TW	TWD	2	3600	-	TWSE	4	研揚
equity	6581	TSU	TW	TWD	2	3600	-	TWSE	3	鋼聯
equity	6582	SHIN FOONG	TW	TWD	2	3600	-	TWSE	1	申豐
equity	6584	NAN JUEN	TWO	TWD	2	3600	-	TPEx	6	南俊國際
equity	6585	DINGZING	TW	TWD	2	3600	-	TWSE	3	鼎基
equity	6588	EOC	TWO	TWD	2	3600	-	TPEx	3	東典光電
equity	6589	EIRGENIX	TW	TWD	2	3600	-	TWSE	3	台康生技
equity	6590	PROVISION	TWO	TWD	2	3600	-	TPEx	2	普鴻
equity	6591	SUN MAX	TW	TWD	2	3600	-	TWSE	1	動力-KY
equity	6592	HOTAI FINANCE	TW	TWD	2	3600	-	TWSE	4	和潤企業
equity	6593	TNP	TWO	TWD	2	3600	-	TPEx	1	台灣銘板
equity	6596	KHAM INC.	TWO	TWD	2	3600	-	TPEx	3	寬宏藝術
equity	6597	ECOCERA	TWO	TWD	2	3600	-	TPEx	2	立誠
equity	6598	APPLIED BIOCODE	TW	TWD	2	3600	-	TWSE	1	ABC-KY
equity	6603	FCS	TWO	TWD	2	3600	-	TPEx	3	富強鑫
equity	6604	JUOKU	TWO	TWD	2	3600	-	TPEx	-	儒億
equity	6605	DEPO	TW	TWD	2	3600	-	TWSE	4	帝寶
equity	6606	KENT	TW	TWD	2	3600	-	TWSE	1	建德工業
equity	6609	TTT	TWO	TWD	2	3600	-	TPEx	3	瀧澤科
equity	6612	ICARES	TWO	TWD	2	3600	-	TPEx	3	奈米醫材
equity	6613	NOVATECH	TWO	TWD	2	3600	-	TPEx	6	朋億*
equity	6614	IISI	TW	TWD	2	3600	-	TWSE	1	資拓宏宇
equity	6615	SOFIVA	TWO	TWD	2	3600	-	TPEx	1	慧智
equity	6616	TIL	TWO	TWD	2	3600	-	TPEx	1	特昇-KY
equity	6617	GONGWIN	TWO	TWD	2	3600	-	TPEx	5	共信-KY
equity	6620	HANDA PHARMA	TWO	TWD	2	3600	-	TPEx	6	漢達
equity	6624	EC	TWO	TWD	2	3600	-	TPEx	1	萬年清
equity	6625	BINLIVE	TW	TWD	2	3600	-	TWSE	2	必應
equity	6629	TK-KY	TWO	TWD	2	3600	-	TPEx	3	泰金-KY
equity	6637	MIC	TWO	TWD	2	3600	-	TPEx	2	醫影
equity	6640	GMM	TWO	TWD	2	3600	-	TPEx	6	均華
equity	6641	GSD-KY	TW	TWD	2	3600	-	TWSE	1	基士德-KY
equity	6642	FUZETEC	TWO	TWD	2	3600	-	TPEx	3	富致
equity	6643	M31	TWO	TWD	2	3600	-	TPEx	6	M31
equity	6645	KIM FOREST	TW	TWD	2	3600	-	TWSE	1	金萬林-創
equity	6649	TWBM	TWO	TWD	2	3600	-	TPEx	2	台生材
equity	6651	CYSTEK	TWO	TWD	2	3600	-	TPEx	4	全宇昕
equity	6654	TZI	TWO	TWD	2	3600	-	TPEx	4	天正國際
equity	6655	KD	TW	TWD	2	3600	-	TWSE	3	科定
equity	6657	ENERGENESIS	TW	TWD	2	3600	-	TWSE	1	華安
equity	6658	SYNPOWER	TW	TWD	2	3600	-	TWSE	2	聯策
equity	6661	WELGENE	TWO	TWD	2	3600	-	TPEx	1	威健生技
equity	6662	BIOLASCO	TWO	TWD	2	3600	-	TPEx	-	樂斯科
equity	6664	GROUP UP	TWO	TWD	2	3600	-	TPEx	6	群翊
equity	6666	LLF-KY	TW	TWD	2	3600	-	TWSE	1	羅麗芬-KY
equity	6667	TRUSVAL	TWO	TWD	2	3600	-	TPEx	5	信紘科
equity	6668	ZHONG YANG	TW	TWD	2	3600	-	TWSE	2	中揚光
equity	6669	WIWYNN	TW	TWD	2	3600	-	TWSE	7	緯穎
equity	6670	FSP	TW	TWD	2	3600	-	TWSE	4	復盛應用
equity	6671	SAN NENG-KY	TW	TWD	2	3600	-	TWSE	1	三能-KY
equity	6672	VENTEC	TW	TWD	2	3600	-	TWSE	4	騰輝電子-KY
equity	6674	CBN	TW	TWD	2	3600	-	TWSE	1	鋐寶科技
equity	6679	ZILLTEK	TWO	TWD	2	3600	-	TPEx	5	鈺太
equity	6680	SINTRONES	TWO	TWD	2	3600	-	TPEx	1	鑫創電子
equity	6683	KSMT	TWO	TWD	2	3600	-	TPEx	6	雍智科技
equity	6684	ALGOLTEK	TWO	TWD	2	3600	-	TPEx	2	安格
equity	6689	ECV	TW	TWD	2	3600	-	TWSE	2	伊雲谷
equity	6690	ACSI	TWO	TWD	2	3600	-	TPEx	4	安碁資訊
equity	6691	YANKEY	TW	TWD	2	3600	-	TWSE	5	洋基工程
equity	6692	AES	TWO	TWD	2	3600	-	TPEx	2	進能服
equity	6693	INERGY	TWO	TWD	2	3600	-	TPEx	5	廣閎科
equity	6695	ICATCHTEK	TW	TWD	2	3600	-	TWSE	2	芯鼎
equity	6697	ITTS	TWO	TWD	2	3600	-	TPEx	1	東捷資訊
equity	6698	FINEMAT	TW	TWD	2	3600	-	TWSE	1	旭暉應材
equity	6703	SHINY	TWO	TWD	2	3600	-	TPEx	3	軒郁
equity	6706	FITTECH	TW	TWD	2	3600	-	TWSE	3	惠特
equity	6708	MARS	TWO	TWD	2	3600	-	TPEx	2	天擎
equity	6712	EVER SUPREME	TWO	TWD	2	3600	-	TPEx	5	長聖
equity	6715	LINTES	TW	TWD	2	3600	-	TWSE	4	嘉基
equity	6716	PDK	TWO	TWD	2	3600	-	TPEx	3	應廣
equity	6719	UPI	TW	TWD	2	3600	-	TWSE	4	力智
equity	6720	MP	TWO	TWD	2	3600	-	TPEx	3	久昌
equity	6721	SINCERE GROUP	TWO	TWD	2	3600	-	TPEx	1	信實
equity	6722	WHETRON	TW	TWD	2	3600	-	TWSE	1	輝創
equity	6725	CHCT	TWO	TWD	2	3600	-	TPEx	4	矽科宏晟
equity	6727	AMI	TWO	TWD	2	3600	-	TPEx	5	亞泰金屬
equity	6728	UP YOUNG	TWO	TWD	2	3600	-	TPEx	3	上洋
equity	6730	LAGIS	TWO	TWD	2	3600	-	TPEx	1	常廣
equity	6732	SENSORTEK	TWO	TWD	2	3600	-	TPEx	4	昇佳電子
equity	6733	BIOGEND	TWO	TWD	2	3600	-	TPEx	3	博晟生醫
equity	6735	AMIDA	TWO	TWD	2	3600	-	TPEx	3	美達科技
equity	6739	GUTC	TWO	TWD	2	3600	-	TPEx	6	竹陞科技
equity	6741	91APP	TWO	TWD	2	3600	-	TPEx	4	91APP*-KY
equity	6742	VTI	TW	TWD	2	3600	-	TWSE	2	澤米
equity	6743	AMPACS	TW	TWD	2	3600	-	TWSE	2	安普新
equity	6751	AST	TWO	TWD	2	3600	-	TPEx	1	智聯服務
equity	6752	GSS	TWO	TWD	2	3600	-	TPEx	3	叡揚
equity	6753	LUNGTEH	TW	TWD	2	3600	-	TWSE	3	龍德造船
equity	6754	RICH HONOUR	TW	TWD	2	3600	-	TWSE	1	匯僑設計
equity	6756	VLI	TW	TWD	2	3600	-	TWSE	2	威鋒電子
equity	6757	TTW	TW	TWD	2	3600	-	TWSE	4	台灣虎航
equity	6761	WENDELL	TWO	TWD	2	3600	-	TPEx	4	穩得
equity	6762	DELTA ASIA	TWO	TWD	2	3600	-	TPEx	4	達亞
equity	6763	GREEN WORLD	TWO	TWD	2	3600	-	TPEx	4	綠界科技*
equity	6767	WILTROM	TWO	TWD	2	3600	-	TPEx	-	台微醫
equity	6768	SPG-KY	TW	TWD	2	3600	-	TWSE	3	志強-KY
equity	6770	PSMC	TW	TWD	2	3600	-	TWSE	6	力積電
equity	6771	PHET	TW	TWD	2	3600	-	TWSE	1	平和環保-創
equity	6776	WEBLINK	TW	TWD	2	3600	-	TWSE	2	展碁國際
equity	6781	AES-KY	TW	TWD	2	3600	-	TWSE	5	AES-KY
equity	6782	VISCO	TW	TWD	2	3600	-	TWSE	3	視陽
equity	6785	ALAR	TWO	TWD	2	3600	-	TPEx	4	昱展新藥
equity	6788	BRILLIAN	TWO	TWD	2	3600	-	TPEx	5	華景電
equity	6789	VISERA	TW	TWD	2	3600	-	TWSE	6	采鈺
equity	6790	YFYCPG	TW	TWD	2	3600	-	TWSE	3	永豐實
equity	6791	TADC	TWO	TWD	2	3600	-	TPEx	2	虎門科技
equity	6792	UNICTRON	TW	TWD	2	3600	-	TWSE	1	詠業
equity	6794	UNICOCELL	TW	TWD	2	3600	-	TWSE	2	向榮生技
equity	6796	MIIS	TW	TWD	2	3600	-	TWSE	1	晉弘
equity	6799	M3TEK	TW	TWD	2	3600	-	TWSE	2	來頡
equity	6803	ECOVE CORP.	TWO	TWD	2	3600	-	TPEx	5	崑鼎
equity	6804	AXMAN	TWO	TWD	2	3600	-	TPEx	1	明係
equity	6805	FOSITEK	TW	TWD	2	3600	-	TWSE	6	富世達
equity	6807	FY-KY	TW	TWD	2	3600	-	TWSE	1	峰源-KY
equity	6811	AEB	TWO	TWD	2	3600	-	TPEx	5	宏碁資訊
equity	6821	LKM	TWO	TWD	2	3600	-	TPEx	2	聯寶
equity	6823	GREENFILTEC	TWO	TWD	2	3600	-	TPEx	2	濾能
equity	6829	CFPREC	TWO	TWD	2	3600	-	TPEx	5	千附精密
equity	6830	MSS	TW	TWD	2	3600	-	TWSE	4	汎銓
equity	6831	MICROLOOPS	TW	TWD	2	3600	-	TWSE	4	邁科
equity	6834	EVEROHMS	TW	TWD	2	3600	-	TWSE	3	天二科技
equity	6835	CMI	TW	TWD	2	3600	-	TWSE	1	圓裕
equity	6838	FRMSP	TW	TWD	2	3600	-	TWSE	2	台新藥
equity	6840	BTL	TWO	TWD	2	3600	-	TPEx	3	東研信超
equity	6841	EFAI	TWO	TWD	2	3600	-	TPEx	4	長佳智能
equity	6843	JDV	TWO	TWD	2	3600	-	TPEx	1	進典
equity	6844	NORBEL	TWO	TWD	2	3600	-	TPEx	2	諾貝兒
equity	6846	GREENYN	TWO	TWD	2	3600	-	TPEx	2	綠茵
equity	6854	PLAYNITRIDE	TW	TWD	2	3600	-	TWSE	3	錼創科技-KY創
equity	6855	ECLATORQ	TWO	TWD	2	3600	-	TPEx	3	數泓科
equity	6856	ST MEDIA	TWO	TWD	2	3600	-	TPEx	1	鑫傳
equity	6859	BEST OPT	TWO	TWD	2	3600	-	TPEx	4	伯特光
equity	6861	INCX	TW	TWD	2	3600	-	TWSE	3	睿生光電
equity	6862	TRIO-KY	TW	TWD	2	3600	-	TWSE	2	三集瑞-KY
equity	6863	ARIZON RFID	TW	TWD	2	3600	-	TWSE	2	永道-KY
equity	6865	WEBCOMM	TWO	TWD	2	3600	-	TPEx	1	偉康科技
equity	6869	J&V ENERGY	TW	TWD	2	3600	-	TWSE	3	雲豹能源
equity	6870	TURN CLOUD	TWO	TWD	2	3600	-	TPEx	4	騰雲
equity	6872	NAVIFUS	TWO	TWD	2	3600	-	TPEx	2	浩宇生醫
equity	6873	HDRE	TW	TWD	2	3600	-	TWSE	3	泓德能源
equity	6874	M-POWER	TWO	TWD	2	3600	-	TPEx	2	倍力
equity	6875	PBI	TWO	TWD	2	3600	-	TPEx	3	國邑*
equity	6877	HYE	TWO	TWD	2	3600	-	TPEx	4	鏵友益
equity	6881	RTD	TWO	TWD	2	3600	-	TPEx	3	潤德
equity	6884	HSNC	TWO	TWD	2	3600	-	TPEx	1	海柏特
equity	6885	BRIM	TW	TWD	2	3600	-	TWSE	2	全福生技
equity	6887	BORETECH-KY	TW	TWD	2	3600	-	TWSE	1	寶綠特-KY
equity	6890	LAI YIH	TW	TWD	2	3600	-	TWSE	4	來億-KY
equity	6894	WRT	TWO	TWD	2	3600	-	TPEx	4	衛司特
equity	6895	WPTI	TWO	TWD	2	3600	-	TPEx	4	宏碩系統
equity	6899	AMT	TWO	TWD	2	3600	-	TPEx	2	創為精密
equity	6901	DIAMOND BIOFUND	TW	TWD	2	3600	-	TWSE	3	鑽石投資
equity	6902	GOGOLOOK	TW	TWD	2	3600	-	TWSE	2	GOGOLOOK
equity	6903	JH	TWO	TWD	2	3600	-	TPEx	6	巨漢
equity	6904	PROXENE	TWO	TWD	2	3600	-	TPEx	2	伯鑫
equity	6906	GROUNDHOG	TW	TWD	2	3600	-	TWSE	1	現觀科
equity	6907	ATK-KY	TWO	TWD	2	3600	-	TPEx	5	雅特力-KY
equity	6908	AGM	TW	TWD	2	3600	-	TWSE	1	宏碁遊戲-創
equity	6909	TCT	TW	TWD	2	3600	-	TWSE	1	創控
equity	6910	GRANDSYS	TWO	TWD	2	3600	-	TPEx	1	德鴻
equity	6913	VSO	TWO	TWD	2	3600	-	TPEx	4	鴻呈
equity	6914	PSS	TW	TWD	2	3600	-	TWSE	3	阜爾運通
equity	6916	WINSTAR	TW	TWD	2	3600	-	TWSE	1	華凌
equity	6918	A PLUS BIOTECH	TW	TWD	2	3600	-	TWSE	1	愛派司
equity	6919	CALIWAY	TW	TWD	2	3600	-	TWSE	5	康霈*
equity	6921	LERAIN	TW	TWD	2	3600	-	TWSE	1	嘉雨思-創
equity	6922	NEOUSYS	TWO	TWD	2	3600	-	TPEx	4	宸曜
equity	6923	CTRT	TW	TWD	2	3600	-	TWSE	2	中台
equity	6924	EIKEI-KY	TW	TWD	2	3600	-	TWSE	1	榮惠-KY創
equity	6925	ELAND	TWO	TWD	2	3600	-	TPEx	2	意藍
equity	6928	UTI	TW	TWD	2	3600	-	TWSE	2	攸泰科技
equity	6929	WE CAN	TWO	TWD	2	3600	-	TPEx	1	佑全
equity	6931	QING SONG	TW	TWD	2	3600	-	TWSE	1	青松健康
equity	6933	AMAX	TW	TWD	2	3600	-	TWSE	3	AMAX-KY
equity	6934	HCMED	TW	TWD	2	3600	-	TWSE	1	心誠鎂
equity	6936	VETNOSTRUM	TW	TWD	2	3600	-	TWSE	1	永鴻生技
equity	6937	SKYTECH	TW	TWD	2	3600	-	TWSE	4	天虹
equity	6944	MEGA UNION	TW	TWD	2	3600	-	TWSE	5	兆聯實業
equity	6945	APBIO	TWO	TWD	2	3600	-	TPEx	5	圓祥生技
equity	6947	TECHZONE	TW	TWD	2	3600	-	TWSE	2	台鎔科技
equity	6949	PELL BMT	TW	TWD	2	3600	-	TWSE	5	沛爾生醫*-創
equity	6951	CHIN HSIN	TW	TWD	2	3600	-	TWSE	2	青新-創
equity	6952	DWS	TW	TWD	2	3600	-	TWSE	1	大武山
equity	6953	GDE	TWO	TWD	2	3600	-	TPEx	4	家碩
equity	6955	BONRAYBIO	TW	TWD	2	3600	-	TWSE	1	邦睿生技-創
equity	6957	HORIZON	TW	TWD	2	3600	-	TWSE	4	裕慶-KY
equity	6958	INFINITE	TW	TWD	2	3600	-	TWSE	2	日盛台駿
equity	6961	UNI TRAVEL	TWO	TWD	2	3600	-	TPEx	1	旅天下
equity	6962	ITH-KY	TW	TWD	2	3600	-	TWSE	3	奕力-KY
equity	6965	CJ	TW	TWD	2	3600	-	TWSE	3	中傑-KY
equity	6967	TRANS-SUN	TWO	TWD	2	3600	-	TPEx	2	汎瑋材料
equity	6968	WONDERPETS	TWO	TWD	2	3600	-	TPEx	2	萬達寵物
equity	6969	TRANSCENE	TW	TWD	2	3600	-	TWSE	1	成信實業*-創
equity	6971	HM ENV. TECH	TWO	TWD	2	3600	-	TPEx	1	惠民實業
equity	6982	WALRUS PUMP	TWO	TWD	2	3600	-	TPEx	2	大井泵浦
equity	6983	HYP	TWO	TWD	2	3600	-	TPEx	4	華洋精機
equity	6986	HEXUN	TWO	TWD	2	3600	-	TPEx	2	和迅
equity	6988	WELLYSUN	TW	TWD	2	3600	-	TWSE	1	威力暘-創
equity	6994	FWP	TW	TWD	2	3600	-	TWSE	1	富威電力
equity	6996	FORCELEAD	TWO	TWD	2	3600	-	TPEx	4	力領科技
equity	6997	NEXTLINK	TWO	TWD	2	3600	-	TPEx	2	博弘
equity	7402	BRINNO	TWO	TWD	2	3600	-	TPEx	3	邑錡
equity	7547	INTUMIT	TWO	TWD	2	3600	-	TPEx	2	碩網
equity	7556	YEEDEX	TWO	TWD	2	3600	-	TPEx	4	意德士
equity	7584	HAPPYTUK	TWO	TWD	2	3600	-	TPEx	1	樂意
equity	7610	LIANYOU METALS	TW	TWD	2	3600	-	TWSE	5	聯友金屬-創
equity	7631	GENIIDEAS	TW	TWD	2	3600	-	TWSE	1	聚賢研發-創
equity	7642	CHAMP-RAY	TWO	TWD	2	3600	-	TPEx	2	昶瑞機電
equity	7689	CLIMAX	TW	TWD	2	3600	-	TWSE	3	大鵬科CLMX
equity	7703	RAYZHER	TWO	TWD	2	3600	-	TPEx	4	銳澤
equity	7704	FINESSE	TWO	TWD	2	3600	-	TPEx	2	明遠精密
equity	7705	MERCURIES F&B	TW	TWD	2	3600	-	TWSE	1	三商餐飲
equity	7708	FIG	TWO	TWD	2	3600	-	TPEx	2	全家餐飲
equity	7709	HONOR	TWO	TWD	2	3600	-	TPEx	3	榮田
equity	7711	ASROCK RACK	TW	TWD	2	3600	-	TWSE	5	永擎
equity	7712	POTENS	TWO	TWD	2	3600	-	TPEx	4	博盛半導體
equity	7713	WELEADER	TWO	TWD	2	3600	-	TPEx	3	威力德生醫
equity	7714	UFTC	TWO	TWD	2	3600	-	TPEx	3	創泓科技
equity	7715	YUH SHAN	TWO	TWD	2	3600	-	TPEx	1	裕山
equity	7716	ITI	TWO	TWD	2	3600	-	TPEx	-	昱臺國際
equity	7717	LIGHTEL-KY	TWO	TWD	2	3600	-	TPEx	5	萊德光電-KY
equity	7718	SPEC	TWO	TWD	2	3600	-	TPEx	2	友鋮
equity	7721	MICROPROGRAM	TW	TWD	2	3600	-	TWSE	2	微程式
equity	7722	LINEPAY	TW	TWD	2	3600	-	TWSE	4	LINEPAY
equity	7723	JHU JIAN	TWO	TWD	2	3600	-	TPEx	1	築間
equity	7728	ENLITECH	TWO	TWD	2	3600	-	TPEx	4	光焱科技
equity	7730	NEMS	TW	TWD	2	3600	-	TWSE	2	暉盛-創
equity	7732	KING SHING	TW	TWD	2	3600	-	TWSE	1	金興精密
equity	7734	APT	TWO	TWD	2	3600	-	TPEx	7	印能科技
equity	7736	HUSHAN	TW	TWD	2	3600	-	TWSE	2	虎山
equity	7738	EUI	TWO	TWD	2	3600	-	TPEx	3	東聯互動
equity	7740	SEETEL	TW	TWD	2	3600	-	TWSE	2	熙特爾-創
equity	7743	KFS	TWO	TWD	2	3600	-	TPEx	1	金利食安
equity	7744	WB	TWO	TWD	2	3600	-	TPEx	5	崴寶
equity	7747	GCS	TWO	TWD	2	3600	-	TPEx	3	昕奇雲端
equity	7749	IGO-KY	TW	TWD	2	3600	-	TWSE	4	意騰-KY
equity	7750	SYNTEC	TW	TWD	2	3600	-	TWSE	6	新代
equity	7751	HORNG TERNG	TWO	TWD	2	3600	-	TPEx	6	竑騰
equity	7753	SAVC	TWO	TWD	2	3600	-	TPEx	1	星亞
equity	7757	LEBLEDOR	TWO	TWD	2	3600	-	TPEx	2	金色三麥
equity	7760	ENJOY	TW	TWD	2	3600	-	TWSE	1	享溫馨
equity	7765	CHT SECURITY	TW	TWD	2	3600	-	TWSE	3	中華資安
equity	7767	HPI	TWO	TWD	2	3600	-	TPEx	2	仁大資訊
equity	7768	PVI	TW	TWD	2	3600	-	TWSE	4	頌勝科技
equity	7769	HON	TW	TWD	2	3600	-	TWSE	7	鴻勁
equity	7770	ZEITEC	TWO	TWD	2	3600	-	TPEx	1	君曜
equity	7772	MOE	TWO	TWD	2	3600	-	TPEx	3	耀穎
equity	7777	ABICO ASIA	TWO	TWD	2	3600	-	TPEx	4	能率亞洲
equity	7780	DAIKEN	TW	TWD	2	3600	-	TWSE	3	大研生醫*
equity	7782	SPEEDING ROCKET	TWO	TWD	2	3600	-	TPEx	1	光速火箭
equity	7786	DFO	TW	TWD	2	3600	-	TWSE	4	東方風能
equity	7788	SONG CHUAN	TW	TWD	2	3600	-	TWSE	4	松川精密
equity	7791	LUCKY ROYAL	TW	TWD	2	3600	-	TWSE	2	皇家可口
equity	7792	AM-POWER	TWO	TWD	2	3600	-	TPEx	6	安葆
equity	7794	API	TWO	TWD	2	3600	-	TPEx	1	宏碁智新
equity	7795	EPM	TW	TWD	2	3600	-	TWSE	5	長廣
equity	7799	HNMC	TW	TWD	2	3600	-	TWSE	5	禾榮科
equity	7803	AETHERAI	TW	TWD	2	3600	-	TWSE	1	雲象科技-創
equity	7805	QNAP	TWO	TWD	2	3600	-	TPEx	5	威聯通
equity	7810	JTRON	TWO	TWD	2	3600	-	TPEx	3	捷創科技
equity	7811	MINSON	TWO	TWD	2	3600	-	TPEx	2	民盛
equity	7812	TMYTEK	TW	TWD	2	3600	-	TWSE	2	稜研科技*-創
equity	7814	HORIEN	TWO	TWD	2	3600	-	TPEx	1	海昌生技
equity	7818	KEMFLO	TW	TWD	2	3600	-	TWSE	3	溢泰實業
equity	7819	SYSTEX FINTECH	TWO	TWD	2	3600	-	TPEx	1	精誠金融
equity	7820	LIYING EPTECH	TWO	TWD	2	3600	-	TPEx	3	立盈
equity	7821	MDT	TW	TWD	2	3600	-	TWSE	2	神數
equity	7822	V5 TECHNOLOGIES	TW	TWD	2	3600	-	TWSE	5	倍利科
equity	7823	CYCRAFT-KY	TW	TWD	2	3600	-	TWSE	1	奧義賽博-KY創
equity	7825	NSTC	TWO	TWD	2	3600	-	TPEx	2	和亞智慧
equity	7827	HANCHOR-KY	TW	TWD	2	3600	-	TWSE	4	漢康-KY創
equity	7828	INNOSTAR	TWO	TWD	2	3600	-	TPEx	7	創新服務
equity	7835	H2U	TW	TWD	2	3600	-	TWSE	1	永悅健康-創
equity	7839	PRO360	TWO	TWD	2	3600	-	TPEx	1	達人網
equity	7842	GREENET	TWO	TWD	2	3600	-	TPEx	2	天能綠電
equity	7855	HLC	TW	TWD	2	3600	-	TWSE	3	和運租車
equity	7856	HTSI	TWO	TWD	2	3600	-	TPEx	7	漢測
equity	8011	TTCC	TW	TWD	2	3600	-	TWSE	1	台通
equity	8016	SITRONIX	TW	TWD	2	3600	-	TWSE	4	矽創
equity	8021	TOPOINT	TW	TWD	2	3600	-	TWSE	5	尖點
equity	8024	ALPHA	TWO	TWD	2	3600	-	TPEx	1	佑華
equity	8027	E&R	TWO	TWD	2	3600	-	TPEx	6	鈦昇
equity	8028	PSI	TW	TWD	2	3600	-	TWSE	5	昇陽半導體
equity	8032	KORYO	TWO	TWD	2	3600	-	TPEx	2	光菱
equity	8033	TT	TW	TWD	2	3600	-	TWSE	4	雷虎
equity	8034	OPNET	TWO	TWD	2	3600	-	TPEx	1	榮群
equity	8038	CAEC	TWO	TWD	2	3600	-	TPEx	2	長園科
equity	8039	TAIFLEX	TW	TWD	2	3600	-	TWSE	5	台虹
equity	8040	IC+	TWO	TWD	2	3600	-	TPEx	4	九暘
equity	8042	CHINSAN	TWO	TWD	2	3600	-	TPEx	5	金山電
equity	8043	3H	TWO	TWD	2	3600	-	TPEx	5	蜜望實
equity	8044	PCHOME ONLINE	TWO	TWD	2	3600	-	TPEx	3	網家
equity	8045	TWOWAY	TW	TWD	2	3600	-	TWSE	2	達運光電
equity	8046	N.P.C	TW	TWD	2	3600	-	TWSE	7	南電
equity	8047	GCC	TWO	TWD	2	3600	-	TPEx	2	星雲
equity	8048	RUBYTECH	TWO	TWD	2	3600	-	TPEx	3	德勝
equity	8049	AMPIRE	TWO	TWD	2	3600	-	TPEx	3	晶采
equity	8050	IBASE	TWO	TWD	2	3600	-	TPEx	5	廣積
equity	8054	ALCOR MICRO	TWO	TWD	2	3600	-	TPEx	4	安國
equity	8059	CTI	TWO	TWD	2	3600	-	TPEx	2	凱碩
equity	8064	CONTREL	TWO	TWD	2	3600	-	TPEx	6	東捷
equity	8066	LIFESTYLE	TWO	TWD	2	3600	-	TPEx	1	來思達
equity	8067	GISH INT	TWO	TWD	2	3600	-	TPEx	1	志旭
equity	8068	CHANDER	TWO	TWD	2	3600	-	TPEx	2	全達
equity	8069	EIH	TWO	TWD	2	3600	-	TPEx	8	元太
equity	8070	CHANG WAH	TW	TWD	2	3600	-	TWSE	4	長華*
equity	8071	ABICO	TWO	TWD	2	3600	-	TPEx	1	能率網通
equity	8072	AV TECH	TW	TWD	2	3600	-	TWSE	1	陞泰
equity	8074	AURONA	TWO	TWD	2	3600	-	TPEx	3	鉅橡
equity	8076	FIRICH	TWO	TWD	2	3600	-	TPEx	4	伍豐
equity	8077	GWH	TWO	TWD	2	3600	-	TPEx	1	洛碁
equity	8080	TERRALINK	TWO	TWD	2	3600	-	TPEx	2	泰霖
equity	8081	GMT	TW	TWD	2	3600	-	TWSE	4	致新
equity	8083	TIC	TWO	TWD	2	3600	-	TPEx	4	瑞穎
equity	8084	CHIP HOPE	TWO	TWD	2	3600	-	TPEx	2	巨虹
equity	8085	FD	TWO	TWD	2	3600	-	TPEx	2	福華
equity	8086	AWSC	TWO	TWD	2	3600	-	TPEx	6	宏捷科
equity	8087	LEADSUN	TWO	TWD	2	3600	-	TPEx	1	麗升能源
equity	8088	PANRAM	TWO	TWD	2	3600	-	TPEx	3	品安
equity	8089	COMTREND	TWO	TWD	2	3600	-	TPEx	1	康全電訊
equity	8091	FB	TWO	TWD	2	3600	-	TPEx	5	翔名
equity	8092	CWPT	TWO	TWD	2	3600	-	TPEx	1	建暐
equity	8093	ENERMAX	TWO	TWD	2	3600	-	TPEx	2	保銳
equity	8096	COASIA	TWO	TWD	2	3600	-	TPEx	5	擎亞
equity	8097	ATW	TWO	TWD	2	3600	-	TPEx	3	常珵
equity	8099	TSTI	TWO	TWD	2	3600	-	TPEx	4	大世科
equity	8101	ARIMA COMM.	TW	TWD	2	3600	-	TWSE	1	華冠
equity	8102	JEILIN	TWO	TWD	2	3600	-	TPEx	2	傑霖科技
equity	8103	CVILUX	TW	TWD	2	3600	-	TWSE	3	瀚荃
equity	8104	RITDISPLAY	TW	TWD	2	3600	-	TWSE	1	錸寶
equity	8105	GIANTPLUS	TW	TWD	2	3600	-	TWSE	2	凌巨
equity	8107	KENMOS	TWO	TWD	2	3600	-	TPEx	1	大億金茂
equity	8109	P-DUKE	TWO	TWD	2	3600	-	TPEx	5	博大
equity	8110	WALTON	TW	TWD	2	3600	-	TWSE	4	華東
equity	8111	LIGITEK	TWO	TWD	2	3600	-	TPEx	5	立碁
equity	8112	SUPREME	TW	TWD	2	3600	-	TWSE	5	至上
equity	8114	POSIFLEX	TW	TWD	2	3600	-	TWSE	3	振樺電
equity	8121	ACME	TWO	TWD	2	3600	-	TPEx	4	越峰
equity	8131	FATC	TW	TWD	2	3600	-	TWSE	4	福懋科
equity	8147	NEXTRON	TWO	TWD	2	3600	-	TPEx	4	正淩
equity	8150	CHIPMOS	TW	TWD	2	3600	-	TWSE	5	南茂
equity	8155	ACCL	TWO	TWD	2	3600	-	TPEx	6	博智
equity	8162	MSEC	TW	TWD	2	3600	-	TWSE	2	微矽電子-創
equity	8163	DARFON	TW	TWD	2	3600	-	TWSE	3	達方
equity	8171	FORMOSA	TWO	TWD	2	3600	-	TPEx	2	天宇
equity	8176	ZCOM	TWO	TWD	2	3600	-	TPEx	1	智捷
equity	8182	HELE	TWO	TWD	2	3600	-	TPEx	3	加高
equity	8201	BESTA	TW	TWD	2	3600	-	TWSE	1	無敵
equity	8210	CHENBRO	TW	TWD	2	3600	-	TWSE	5	勤誠
equity	8213	TPT	TW	TWD	2	3600	-	TWSE	3	志超
equity	8215	BMC	TW	TWD	2	3600	-	TWSE	3	明基材
equity	8222	AERO WIN	TW	TWD	2	3600	-	TWSE	1	寶一
equity	8227	PGC	TWO	TWD	2	3600	-	TPEx	5	巨有科技
equity	8234	NEXCOM	TWO	TWD	2	3600	-	TPEx	4	新漢
equity	8240	WAH HONG	TWO	TWD	2	3600	-	TPEx	4	華宏
equity	8249	CSI	TW	TWD	2	3600	-	TWSE	2	菱光
equity	8255	ATC	TWO	TWD	2	3600	-	TPEx	5	朋程
equity	8261	APEC	TW	TWD	2	3600	-	TWSE	4	富鼎
equity	8271	APACER	TW	TWD	2	3600	-	TWSE	4	宇瞻
equity	8272	CHANGING	TWO	TWD	2	3600	-	TPEx	1	全景軟體
equity	8277	UNIFOSA	TWO	TWD	2	3600	-	TPEx	1	商丞
equity	8279	SYNGEN	TWO	TWD	2	3600	-	TPEx	2	生展
equity	8284	MITAKE	TWO	TWD	2	3600	-	TPEx	3	三竹
equity	8289	TAITIEN	TWO	TWD	2	3600	-	TPEx	3	泰藝
equity	8291	SMT	TWO	TWD	2	3600	-	TPEx	1	尚茂
equity	8299	PHISON	TWO	TWD	2	3600	-	TPEx	8	群聯
equity	8341	SF	TW	TWD	2	3600	-	TWSE	3	日友
equity	8342	I JANG	TWO	TWD	2	3600	-	TPEx	3	益張
equity	8349	QST	TWO	TWD	2	3600	-	TPEx	4	恒耀
equity	8354	KH	TWO	TWD	2	3600	-	TPEx	1	冠好
equity	8358	CO-TECH	TWO	TWD	2	3600	-	TPEx	7	金居
equity	8367	CS	TW	TWD	2	3600	-	TWSE	2	建新國際
equity	8374	ACE PILLAR	TW	TWD	2	3600	-	TWSE	3	羅昇
equity	8383	CHENFULL	TWO	TWD	2	3600	-	TPEx	4	千附
equity	8390	JYD	TWO	TWD	2	3600	-	TPEx	4	金益鼎
equity	8401	BAI SHA	TWO	TWD	2	3600	-	TPEx	2	白紗科
equity	8403	SHAREHOPE	TWO	TWD	2	3600	-	TPEx	3	盛弘
equity	8404	PAIHO SHIH	TW	TWD	2	3600	-	TWSE	2	百和興業-KY
equity	8409	EBM	TWO	TWD	2	3600	-	TPEx	1	商之器
equity	8410	SENTIEN	TWO	TWD	2	3600	-	TPEx	1	森田
equity	8411	KINGCAN	TW	TWD	2	3600	-	TWSE	1	福貞-KY
equity	8415	BRIGHTON-BEST	TWO	TWD	2	3600	-	TPEx	6	大國鋼
equity	8416	SWTC	TWO	TWD	2	3600	-	TPEx	3	實威
equity	8421	XYP	TWO	TWD	2	3600	-	TPEx	1	旭源
equity	8422	CLEANAWAY	TW	TWD	2	3600	-	TWSE	4	可寧衛*
equity	8423	POLYGREEN	TWO	TWD	2	3600	-	TPEx	1	保綠-KY
equity	8424	WELLPOOL	TWO	TWD	2	3600	-	TPEx	2	惠普
equity	8426	REDWOOD	TWO	TWD	2	3600	-	TPEx	1	紅木-KY
equity	8429	JINLI	TW	TWD	2	3600	-	TWSE	1	金麗-KY
equity	8431	SPT	TWO	TWD	2	3600	-	TPEx	3	匯鑽科
equity	8432	TSH	TWO	TWD	2	3600	-	TPEx	2	東生華
equity	8433	BON FAME	TWO	TWD	2	3600	-	TPEx	3	弘帆
equity	8435	ZIMMITE	TWO	TWD	2	3600	-	TPEx	2	鉅邁
equity	8436	TCI	TWO	TWD	2	3600	-	TPEx	5	大江
equity	8437	DADI	TWO	TWD	2	3600	-	TPEx	1	大地-KY
equity	8438	AMIA	TW	TWD	2	3600	-	TWSE	2	昶昕
equity	8440	E&E	TWO	TWD	2	3600	-	TPEx	1	綠電
equity	8442	WW	TW	TWD	2	3600	-	TWSE	1	威宏-KY
equity	8443	ASO	TW	TWD	2	3600	-	TWSE	1	阿瘦
equity	8444	GREEN RIVER	TWO	TWD	2	3600	-	TPEx	-	綠河-KY
equity	8446	HIM MUSIC	TWO	TWD	2	3600	-	TPEx	3	華研
equity	8450	PILI	TWO	TWD	2	3600	-	TPEx	1	霹靂
equity	8454	MOMO	TW	TWD	2	3600	-	TWSE	5	富邦媒
equity	8455	DAITO ME	TWO	TWD	2	3600	-	TPEx	1	大拓-KY
equity	8462	POWER WIND	TW	TWD	2	3600	-	TWSE	3	柏文
equity	8463	RTM	TW	TWD	2	3600	-	TWSE	1	潤泰材
equity	8464	NIEN MADE	TW	TWD	2	3600	-	TWSE	5	億豐
equity	8466	M.J.	TW	TWD	2	3600	-	TWSE	1	美吉吉-KY
equity	8467	BONNY	TW	TWD	2	3600	-	TWSE	2	波力-KY
equity	8472	NAVICARE	TWO	TWD	2	3600	-	TPEx	1	納維康
equity	8473	FOREST WATER	TW	TWD	2	3600	-	TWSE	2	山林水
equity	8476	TESC	TW	TWD	2	3600	-	TWSE	1	台境*
equity	8477	XXTECHEC	TWO	TWD	2	3600	-	TPEx	1	創業家
equity	8478	OCEANALEXANDER	TW	TWD	2	3600	-	TWSE	3	東哥遊艇
equity	8481	TRANSART	TW	TWD	2	3600	-	TWSE	1	政伸
equity	8482	SHANE GLOBAL	TW	TWD	2	3600	-	TWSE	2	商億-KY
equity	8487	ELTA	TW	TWD	2	3600	-	TWSE	1	愛爾達-創
equity	8488	JYPKG	TW	TWD	2	3600	-	TWSE	1	吉源-KY
equity	8489	SAMEBEST	TWO	TWD	2	3600	-	TPEx	1	三貝德
equity	8499	TOP BRIGHT	TW	TWD	2	3600	-	TWSE	3	鼎炫-KY
equity	8905	ECS	TWO	TWD	2	3600	-	TPEx	-	裕國
equity	8906	FORWARD	TWO	TWD	2	3600	-	TPEx	1	花王
equity	8908	SHIN HSIUNG	TWO	TWD	2	3600	-	TPEx	5	欣雄
equity	8916	KLF	TWO	TWD	2	3600	-	TPEx	4	光隆
equity	8917	HTGAS	TWO	TWD	2	3600	-	TPEx	4	欣泰
equity	8921	SHEN'S ART	TWO	TWD	2	3600	-	TPEx	-	沈氏
equity	8923	C.T.PUBLISHING	TWO	TWD	2	3600	-	TPEx	1	時報
equity	8924	O-TA	TWO	TWD	2	3600	-	TPEx	3	大田
equity	8926	TCC	TW	TWD	2	3600	-	TWSE	5	台汽電
equity	8927	PEI CHI	TWO	TWD	2	3600	-	TPEx	4	北基
equity	8928	DYNAMIC	TWO	TWD	2	3600	-	TPEx	1	鉅明
equity	8929	FBIC	TWO	TWD	2	3600	-	TPEx	1	富堡
equity	8930	CKM	TWO	TWD	2	3600	-	TPEx	2	青鋼
equity	8931	TYC	TWO	TWD	2	3600	-	TPEx	4	大汽電
equity	8932	WISELINK	TWO	TWD	2	3600	-	TPEx	6	智通*
equity	8933	IDEAL	TWO	TWD	2	3600	-	TPEx	2	愛地雅
equity	8935	PONTEX	TWO	TWD	2	3600	-	TPEx	2	邦泰
equity	8936	KTI	TWO	TWD	2	3600	-	TPEx	5	國統
equity	8937	HER CHEE	TWO	TWD	2	3600	-	TPEx	5	合騏*
equity	8938	ADVANCED GROUP	TWO	TWD	2	3600	-	TPEx	4	明安
equity	8940	NEW PALACE	TW	TWD	2	3600	-	TWSE	1	新天地
equity	8941	GRAND HALL	TWO	TWD	2	3600	-	TPEx	2	關中
equity	8942	XXENTRIA	TWO	TWD	2	3600	-	TPEx	4	森鉅
equity	8996	KAORI	TW	TWD	2	3600	-	TWSE	6	高力
equity	9103	MEDTECS	TW	TWD	2	3600	-	TWSE	1	美德醫療-DR
equity	910322	TINGYI	TW	TWD	2	3600	-	TWSE	6	康師傅-DR
equity	9105	CCET	TW	TWD	2	3600	-	TWSE	5	泰金寶-DR
equity	910861	DCH	TW	TWD	2	3600	-	TWSE	3	神州-DR
equity	9110	VMEP HOLDINGS	TW	TWD	2	3600	-	TWSE	1	越南控-DR
equity	911608	BH GLOBAL	TW	TWD	2	3600	-	TWSE	1	明輝-DR
equity	911622	TYCN	TW	TWD	2	3600	-	TWSE	1	泰聚亨-DR
equity	911868	NEO-NEON	TW	TWD	2	3600	-	TWSE	1	同方友友-DR
equity	912000	SIM TECH	TW	TWD	2	3600	-	TWSE	2	晨訊科-DR
equity	9136	JU TENG	TW	TWD	2	3600	-	TWSE	3	巨騰-DR
equity	9802	FULGENT SUN	TW	TWD	2	3600	-	TWSE	3	鈺齊-KY
equity	9902	TIDEHOLD	TW	TWD	2	3600	-	TWSE	1	台火
equity	9904	PCC	TW	TWD	2	3600	-	TWSE	5	寶成
equity	9905	GCM	TW	TWD	2	3600	-	TWSE	2	大華
equity	9906	HSIN BA BA	TW	TWD	2	3600	-	TWSE	2	欣巴巴
equity	9907	TON YI	TW	TWD	2	3600	-	TWSE	4	統一實
equity	9908	GTG	TW	TWD	2	3600	-	TWSE	3	大台北
equity	9910	FT	TW	TWD	2	3600	-	TWSE	5	豐泰
equity	9911	TAIWAN SAKURA	TW	TWD	2	3600	-	TWSE	4	櫻花
equity	9912	AIC	TW	TWD	2	3600	-	TWSE	1	偉聯
equity	9914	MIC	TW	TWD	2	3600	-	TWSE	4	美利達
equity	9917	TAIWAN SECOM	TW	TWD	2	3600	-	TWSE	5	中保科
equity	9918	S.S.N.G	TW	TWD	2	3600	-	TWSE	3	欣天然
equity	9919	KNH	TW	TWD	2	3600	-	TWSE	1	康那香
equity	9921	GIANT	TW	TWD	2	3600	-	TWSE	4	巨大
equity	9924	TAIWAN FU HSING	TW	TWD	2	3600	-	TWSE	2	福興
equity	9925	SKS	TW	TWD	2	3600	-	TWSE	3	新保
equity	9926	S.H.	TW	TWD	2	3600	-	TWSE	3	新海
equity	9927	TMI	TW	TWD	2	3600	-	TWSE	3	泰銘
equity	9928	CTV	TW	TWD	2	3600	-	TWSE	1	中視
equity	9929	CHOICE	TW	TWD	2	3600	-	TWSE	1	秋雨
equity	9930	CHC	TW	TWD	2	3600	-	TWSE	3	中聯資源
equity	9931	HSIN KAO	TW	TWD	2	3600	-	TWSE	2	欣高
equity	9933	CTCI	TW	TWD	2	3600	-	TWSE	5	中鼎
equity	9934	GUIC	TW	TWD	2	3600	-	TWSE	2	成霖
equity	9935	CF	TW	TWD	2	3600	-	TWSE	1	慶豐富
equity	9937	NPC	TW	TWD	2	3600	-	TWSE	3	全國
equity	9938	TAIWAN PAIHO	TW	TWD	2	3600	-	TWSE	3	百和
equity	9939	HON CHUAN	TW	TWD	2	3600	-	TWSE	4	宏全
equity	9940	SINYI	TW	TWD	2	3600	-	TWSE	3	信義
equity	9941	TAC	TW	TWD	2	3600	-	TWSE	5	裕融
equity	9942	MAO SHUN	TW	TWD	2	3600	-	TWSE	3	茂順
equity	9943	HOLIDAY	TW	TWD	2	3600	-	TWSE	2	好樂迪
equity	9944	SHINIH	TW	TWD	2	3600	-	TWSE	1	新麗
equity	9945	RUENTEX DEVELOP	TW	TWD	2	3600	-	TWSE	5	潤泰新
equity	9946	SAN FAR	TW	TWD	2	3600	-	TWSE	2	三發地產
equity	9949	TITTOT	TWO	TWD	2	3600	-	TPEx	1	琉園
equity	9950	EMINENT	TWO	TWD	2	3600	-	TPEx	2	萬國通
equity	9951	MACAUTO	TWO	TWD	2	3600	-	TPEx	3	皇田
equity	9955	SDTI	TW	TWD	2	3600	-	TWSE	1	佳龍
equity	9958	CIS	TW	TWD	2	3600	-	TWSE	4	世紀鋼
equity	9960	DACOME	TWO	TWD	2	3600	-	TPEx	1	邁達康
equity	9962	YYS	TWO	TWD	2	3600	-	TPEx	1	有益
